车名,车牌,类型,评分,最高价,最低价,总评数,差评词,差评词次数,总评前几,总评前几内容次数,好评词,好评词次数,手动耗油/L,自动耗油/L
奔奔EV,长安,微型车,4.81,144800,95800,4,后备厢空间小,3,"乘坐空间不错,外观时尚,外观比较时尚,后备厢空间小",20,"乘坐空间不错,外观时尚,外观比较时尚",17,12,12
江铃E200N,江铃集团新能源,微型车,4.75,93800,85800,21,"乘坐空间小,乘坐空间很一般",6,"前排座椅很舒服,乘坐空间很一般,乘坐空间小",9,前排座椅很舒服,3,,
EC系列,北汽新能源,微型车,4.75,61800,59800,4,"后备厢空间太小,悬架减震硬,底盘低",16,"乘坐空间不错,外观时尚,充电方便,后备厢空间太小,操控轻便,悬架减震硬,续航里程不错,中控屏灵敏,底盘低,味道大",63,"乘坐空间不错,外观时尚,充电方便",28,,
众泰E200,众泰,微型车,4.65,69900,69900,61,"悬架减震硬,后备厢空间有点小,悬架减震偏硬",45,"外观时尚,乘坐空间不错,安全配置挺好,悬架减震硬,转向手感很轻,乘坐空间完全够用,后备厢空间有点小,加速动力十足,操控灵活自如,底盘低",212,"外观时尚,乘坐空间不错,安全配置挺好",113,11.4,11.4
江铃E200L,江铃集团新能源,微型车,4.51,90800,82800,9,"充电速度太长了,续航里程短",6,"充电速度太长了,续航里程短,乘坐空间可以的",9,乘坐空间可以的,3,10,10
奇瑞eQ1,奇瑞,微型车,4.48,144100,134100,53,"悬架减震硬,安全带太软,内饰材质很差强人意",16,"外观很时尚,乘坐空间不错,后备厢空间大,中控屏够用,转向精准,操控性很棒,悬架减震硬,转向方便,内饰造型挺时尚,安全带太软",115,"外观很时尚,乘坐空间不错,中控屏够用",67,12.3,12.3
江淮iEV6E,江淮,微型车,4.46,158800,118500,80,"后备厢空间小,后排空间小,续航里程不行",33,"乘坐空间合适,外观漂亮,后备厢空间小,内饰造型比较满意,后排空间小,操控感非常好,转向手感很轻,转向打哪是哪,味道小,前排空间完全够了",122,"乘坐空间合适,外观漂亮,内饰造型比较满意",53,16.6,14.3
知豆D2,知豆,微型车,4.43,188800,49800,77,"隔音不好,悬架偏硬,充电速度短",15,"乘坐空间足够,外观可喜欢,后备厢空间蛮大,充电很方便,续航里程便宜,前排座椅舒适,内饰造型满意,转向灵活,隔音不好,起步动力很好",144,"乘坐空间足够,外观可喜欢,后备厢空间蛮大",90,13.5,13.5
宝骏E100,宝骏,微型车,4.38,109900,93900,8,,0,"乘坐空间够用,外观可喜欢,充电方便",20,"乘坐空间够用,外观可喜欢,充电方便",20,9.5,9.5
北斗星,铃木,微型车,4.35,57900,39900,51,,0,"乘坐空间足够,油耗满意",12,"乘坐空间足够,油耗满意",12,6.4,6.4
奔奔,长安,微型车,4.26,56900,40900,241,"后备厢空间小,大灯不太亮,隔音差",60,"乘坐空间够用,油耗满意,外观漂亮,安全配置很实用,后备厢空间小,大灯不太亮,隔音差,转向手感很轻,后排空间大,发动机噪音有点大",410,"乘坐空间够用,油耗满意,外观漂亮",246,6.4,7
北斗星X5,铃木,微型车,4.25,51900,46900,87,"后排空间小,悬架减震硬,胎噪还好",22,"乘坐空间不错,油耗满意,外观漂亮,后备厢空间大,后排空间小,悬架减震硬,操控比较灵活,中控台造型过得去,转向手感很轻,后排座椅调节方便",210,"乘坐空间不错,油耗满意,外观漂亮",157,6.3,6.2
smart fortwo,smart,微型车,4.18,217888,116800,13,悬架减震硬,4,"乘坐空间不拥挤,油耗满意,外观漂亮,悬架减震硬,后备厢空间大,转向手感很轻,安全配置齐全",36,"油耗满意,乘坐空间不拥挤,外观漂亮",23,5.5,5.8
奇瑞QQ,奇瑞,微型车,4.07,50900,37900,402,"后备厢空间太小,隔音不好,发动机噪音难听",62,"油耗满意,外观漂亮,后备厢空间太小,头部空间大,隔音不好,前排空间很大,后排空间大,保养费用便宜,发动机噪音难听,风噪",273,"油耗满意,外观漂亮,头部空间大",174,6,6
奥拓,铃木,微型车,4,59900,41800,1009,"隔音不好,车子配置太低,悬架减震偏硬",102,"外观漂亮,隔音不好,保养费用便宜,操控自如,车子配置太低,悬架减震偏硬,前排空间大,味道太重,储物空间小,喇叭不行",307,"外观漂亮,保养费用便宜,操控自如",138,5.4,6.6
比亚迪F0,比亚迪,微型车,3.88,47900,37900,153,"悬架减震硬,隔音不好,发动机噪音实在是大",37,"油耗满意,外观漂亮,乘坐空间够用,悬架减震硬,前排空间大,隔音不好,发动机噪音实在是大,后排空间不足,转向手感很轻,保养费用很便宜",160,"油耗满意,外观漂亮,乘坐空间够用",90,5.9,6.4
名爵3,名爵,小型车,4.69,93800,59800,15,,0,"乘坐空间够用,外观短小精干,油耗满意,车头真好看,车子配置可以接受,后备厢空间够用,后排空间大,内饰造型比较简洁,转向手感轻松,底盘悬架很扎实",58,"乘坐空间够用,外观短小精干,油耗满意",27,6.6,7
威驰FS,丰田,小型车,4.67,109800,69800,793,"隔音不好,悬架减震比较硬,后备厢空间有些小",346,"油耗满意,乘坐空间不错,外观时尚,安全配置齐全,转向很精准,转向手感很轻,隔音不好,操控性能非常不错,悬架减震比较硬,后备厢空间有些小",2599,"油耗满意,乘坐空间不错,外观时尚",1539,6.3,6.2
威驰,丰田,小型车,4.63,113800,69800,1823,"隔音不好,悬架减震比较硬,胎噪有点大",744,"油耗满意,乘坐空间够用,外观时尚,后备厢空间很大,安全配置,转向手感很轻,隔音不好,悬架减震比较硬,转向精准,后排空间大",5788,"油耗满意,乘坐空间够用,外观时尚",3366,6.1,5.8
悦纳,现代,小型车,4.63,105800,72800,586,"悬架减震有点硬,胎噪有点大,起步动力有点肉",169,"油耗满意,乘坐空间不错,外观漂亮,悬架减震有点硬,后备厢空间很大,转向手感很轻,后排空间大,转向精准,内饰造型满意,操控轻松",1603,"油耗满意,乘坐空间不错,外观漂亮",1036,6,6.7
瑞纳,现代,小型车,4.62,73900,49900,131,"隔音不好,胎噪较大,起步动力肉",37,"油耗满意,外观漂亮,乘坐空间够用,后备厢空间很大,味道比较小,隔音不好,内饰造型挺满意,后排空间没有压抑感,转向灵活,操控特别灵活",346,"油耗满意,外观漂亮,乘坐空间够用",222,5.7,6.2
焕驰,起亚,小型车,4.58,73900,49900,81,"悬架减震有点硬,隔音差,胎噪明显",41,"油耗满意,乘坐空间够用,后备厢空间够用,外观可喜欢,悬架减震有点硬,隔音差,转向手感很轻,转向精准,高速油耗满意,后排空间够用",236,"油耗满意,乘坐空间够用,后备厢空间够用",135,6,7.3
YARiS L 致享,丰田,小型车,4.57,106800,69800,578,"隔音不好,外漆面太薄了,胎噪有点大",225,"油耗满意,乘坐空间够用,后备厢空间大,安全配置齐全,外观漂亮,隔音不好,外漆面太薄了,转向手感很轻,胎噪有点大,转向精准",1676,"油耗满意,乘坐空间够用,后备厢空间大",991,5.7,6.5
悦翔,长安,小型车,4.51,65900,49900,65,,0,"油耗满意,乘坐空间还不错,转向手感好看,外观时尚",27,"油耗满意,乘坐空间还不错,转向手感好看",24,7,6.5
赛欧,雪佛兰,小型车,4.43,79900,63900,96,"悬架减震太硬,胎噪太大,底盘低",32,"油耗满意,乘坐空间够用,外观漂亮,后备厢空间很大,转向手感很轻,转向比较精准,车子配置挺高,操控自如,悬架减震太硬,胎噪太大",293,"油耗满意,乘坐空间够用,外观漂亮",179,5.6,6.6
江淮iEV,江淮,小型车,4.4,158500,128500,6,,0,电耗合理,3,电耗合理,3,13,12.8
奥迪A1,奥迪,小型车,4.38,218500,189800,11,,0,"外观精致,油耗可以接受",13,"外观精致,油耗可以接受",13,6,6
宝骏310,宝骏,小型车,4.36,60800,36800,860,"后备厢空间小,底盘低,外漆面有点薄",383,"油耗满意,乘坐空间不错,外观时尚,功能配置齐全,后备厢空间小,底盘低,转向手感很轻,后排空间大,内饰造型很满意,外漆面有点薄",2522,"油耗满意,乘坐空间不错,外观时尚",1461,5.4,6.3
YARiS L 致炫,丰田,小型车,4.33,104800,69800,449,"隔音不好,悬架减震偏硬,储物空间少",198,"乘坐空间不错,油耗满意,安全配置丰富,隔音不好,外观时尚,后备厢空间够用,后排空间大,悬架减震偏硬,转向精准,储物空间少",1176,"乘坐空间不错,油耗满意,安全配置丰富",727,5.8,6.2
玛驰,日产,小型车,4.31,87500,59800,23,隔音差,3,"乘坐空间无压力,油耗满意,外观漂亮,隔音差",17,"乘坐空间无压力,油耗满意,外观漂亮",14,5,5.4
MINI CLUBMAN,MINI,小型车,4.3,419000,239800,35,"外漆面偏软,悬架减震很硬,防爆胎坑",17,"乘坐空间很ok,外观不错,油耗满意,外漆面偏软,悬架减震很硬,防爆胎坑,内饰造型精致,转向精准,路感反馈很强,氛围灯很好",63,"乘坐空间很ok,外观不错,油耗满意",31,8.2,9.4
KX CROSS,起亚,小型车,4.3,90900,74900,149,"味道大,悬架偏硬,起步动力肉",63,"外观漂亮,乘坐空间不错,油耗满意,安全配置齐全,转向手感很轻,味道大,悬架偏硬,转向精准,后备厢空间挺大,起步动力肉",483,"外观漂亮,乘坐空间不错,油耗满意",267,6.2,7.1
名爵3SW,名爵,小型车,4.26,87700,87700,34,"油耗不算低,悬架减震偏硬,后备厢空间小",17,"乘坐空间不错,外观时尚,油耗不算低,悬架减震偏硬,后备厢空间小,胎噪略大",45,"乘坐空间不错,外观时尚",24,8.9,8.9
飞度,本田,小型车,4.26,102800,73800,229,"隔音差,悬架减震硬,悬架减震硬",135,"乘坐空间不错,油耗满意,隔音差,悬架减震硬,悬架减震硬,转向精准,安全配置少的可怜,后排空间大,外观漂亮,外观时尚",575,"乘坐空间不错,油耗满意,转向精准",345,6.1,6.5
Polo,大众,小型车,4.25,146900,75900,1560,"乘坐空间小,后排空间小,安全配置太少",896,"油耗满意,外观时尚,乘坐空间小,后排空间小,转向精准,操控性能很好,安全配置太少,转向手感很轻,悬架减震偏硬,底盘悬架扎实",2861,"油耗满意,外观时尚,转向精准",1449,6.3,6.6
悦纳RV,现代,小型车,4.21,108800,78800,20,悬架偏硬,4,"乘坐空间还不错,油耗满意,外观时尚,转向手感很轻,悬架偏硬,后备厢空间很实用,储物空间很大,头部空间大",48,"乘坐空间还不错,油耗满意,外观时尚",31,5.5,5.5
起亚K2,起亚,小型车,4.19,103900,72900,192,"悬架减震硬,胎噪有点大,起步动力肉",113,"油耗满意,乘坐空间不错,外观漂亮,悬架减震硬,整车配置还算可以,后备厢空间大,转向手感很轻,胎噪有点大,转向精准,起步动力肉",554,"油耗满意,乘坐空间不错,外观漂亮",282,5.9,7.1
MINI,MINI,小型车,4.17,399000,188800,143,"转向手感太重,胎噪比较大,储物空间小",55,"乘坐空间够用,外观漂亮,油耗满意,转向手感太重,操控很棒,胎噪比较大,悬架偏硬,储物空间小,加速动力不错,路感反馈清晰",253,"乘坐空间够用,外观漂亮,油耗满意",132,7.7,8.1
骊威,日产,小型车,4.16,117200,85800,231,"悬架减震有点硬,储物空间太少,隔音差",33,"乘坐空间够用,油耗满意,后备厢空间大,外观漂亮,悬架减震有点硬,储物空间太少,保养费用免费,头部空间大,转向手感很轻,隔音差",317,"乘坐空间够用,油耗满意,后备厢空间大",230,6.8,7.5
金刚,吉利汽车,小型车,4.14,64900,43900,174,"悬架减震太硬,后排空间太小,外漆面有点薄",74,"后备厢空间大,外观漂亮,整车配置特别高,乘坐空间够用,悬架减震太硬,后排空间太小,外漆面有点薄,隔音不好,转向精准,内饰造型满意",323,"后备厢空间大,外观漂亮,整车配置特别高",159,7.4,9.4
悦翔V3,长安,小型车,4.12,49900,43900,64,乘坐空间小,4,"油耗满意,乘坐空间小,外观时尚",15,"油耗满意,外观时尚",11,6.1,6.1
利亚纳A6,铃木,小型车,4.07,60900,54900,54,"起步动力有点肉,隔音不好,发动机噪音略大",21,"乘坐空间满意,油耗满意,安全配置很到位,后备厢空间很大,外观比较耐看,起步动力有点肉,悬架减震舒适,隔音不好,前排座椅比较舒服,头部空间比较宽大",152,"乘坐空间满意,油耗满意,安全配置很到位",86,7.1,7.1
夏利N7,一汽,小型车,4.02,52900,48900,35,隔音差,5,"油耗满意,外观很漂亮,隔音差",37,"油耗满意,外观很漂亮",32,6.2,6.2
晶锐,斯柯达,小型车,3.96,109900,69900,32,"起步动力很肉,隔音不好,味道太重",21,"外观漂亮,安全配置挺高,乘坐空间够用,后备厢空间大,起步动力很肉,加速动力很稳,隔音不好,中控屏是亮点,前排空间够用,外漆面较厚",107,"外观漂亮,安全配置挺高,乘坐空间够用",55,6.6,7.1
夏利N5,一汽,小型车,3.93,48900,36900,32,"隔音不好,离合器踏板太大",8,"油耗满意,乘坐空间满意,隔音不好,外观很棒,转向精准,离合器踏板太大",39,"油耗满意,乘坐空间满意,外观很棒",28,5.5,6
雨燕,铃木,小型车,3.87,82800,54800,369,"后备厢空间小,车子配置太落后,隔音不好",138,"外观漂亮,油耗满意,乘坐空间够用,后备厢空间小,车子配置太落后,隔音不好,悬架减震偏硬,头部空间大,储物空间小,前排空间不错",533,"外观漂亮,油耗满意,乘坐空间够用",289,6.8,7.1
全球鹰K17,全球鹰,小型车,3.75,164800,164800,5,,0,乘坐空间合理,3,乘坐空间合理,3,,
瑞奕,现代,小型车,3.7,99900,72900,7,"外漆面太薄,悬架减震太硬,隔音很差",14,"乘坐空间够用,外观漂亮,悬架减震太硬,外漆面太薄,隔音很差,车灯不亮,胎噪不小",35,"乘坐空间够用,外观漂亮",15,6.5,8
威志V5,一汽,小型车,3.61,65900,52900,12,,0,油耗满意,8,油耗满意,8,6,7
名爵6,名爵,紧凑型车,4.69,146800,96800,3259,"悬架减震偏硬,胎噪有点大,车内静音效果不是很好",1217,"乘坐空间不错,外观漂亮,油耗满意,安全配置齐全,后备厢空间大,悬架减震偏硬,加速动力十足,胎噪有点大,转向手感很轻,后排空间大",7250,"乘坐空间不错,外观漂亮,油耗满意",3921,7.3,7.2
领克03,领克,紧凑型车,4.69,151800,116800,182,"发动机抖动,悬架减震偏硬,悬架有点硬",11,"乘坐空间足够,发动机抖动,外观超高,方向盘较轻,外观漂亮,底盘悬架扎实,前排座椅舒适,前排座椅很舒服,车内静音效果不错,方向盘很轻",45,"乘坐空间足够,外观超高,方向盘较轻",18,8.8,8.8
荣威i5,荣威,紧凑型车,4.69,115900,68900,387,"悬架减震偏硬,悬架减震比较硬",6,"油耗低,油耗满意,外观漂亮,前排座椅很舒服,前排座椅舒服,乘坐空间不错,方向盘很轻,储物空间很多,外观耐看,油耗最满意",52,"油耗低,外观漂亮,油耗满意",23,6.3,6.9
名爵6新能源,名爵,紧凑型车,4.69,186800,169800,233,"后备厢空间小,后备厢空间很有限,悬架偏硬",29,"外观漂亮,乘坐空间不挤,乘坐空间不错,外观没得说,后备厢空间小,加速动力非常强,后备厢空间很有限,后排空间更加宽敞,转向很精准,转向手感挺轻",163,"外观漂亮,乘坐空间不挤,乘坐空间不错",80,4,9.2
沃兰多,雪佛兰,紧凑型车,4.69,154900,119900,334,,0,"油耗低,空间比较大,乘坐空间最满意,方向盘很轻,前排座椅舒适,油耗满意,乘坐空间不错,乘坐空间灵活,乘坐空间压抑,外观时尚",51,"油耗低,空间比较大,乘坐空间最满意",28,8,11
荣威ei6,荣威,紧凑型车,4.68,222800,201800,624,"后备厢空间有点小,车内静音效果不太好,悬架减震有点硬",167,"外观漂亮,乘坐空间不错,后备厢空间有点小,车子配置蛮给力,乘坐空间够用,转向手感很轻,车内静音效果不太好,悬架减震有点硬,转向灵活,后排空间很大",798,"外观漂亮,乘坐空间不错,车子配置蛮给力",452,4.3,9.5
秦,比亚迪,紧凑型车,4.68,260650,132900,401,"电耗较高,胎噪比较明显,味道比较大",82,"外观线条流畅,内饰配置很丰富,乘坐空间够用,乘坐空间不错,内饰造型很丰富,后备厢空间挺大,车内静音效果不错,操控自如,转向精准,转向灵活",960,"外观线条流畅,内饰配置很丰富,乘坐空间够用",486,4.1,13.1
荣威360,荣威,紧凑型车,4.67,129900,77900,1249,"悬架减震有点硬,味道比较大,隔音不好",449,"油耗满意,乘坐空间不错,外观时尚,安全配置齐全,后备厢空间很大,转向手感很轻,悬架减震有点硬,味道比较大,隔音不好,操控非常灵活",3189,"油耗满意,乘坐空间不错,外观时尚",1899,7.8,6.6
福美来F5,海马,紧凑型车,4.67,92800,59800,54,隔音差一些,3,"油耗满意,外观很漂亮,乘坐空间很满意,后备厢空间挺大,外观漂亮,油耗低,车头灯很上档次,隔音差一些,外观大气",52,"油耗满意,外观很漂亮,乘坐空间很满意",31,6.4,7
缤瑞,吉利汽车,紧凑型车,4.66,110800,79800,346,"起步动力有点肉,起步动力肉,悬架偏硬",40,"油耗低,起步动力有点肉,外观漂亮,乘坐空间够用,外观时尚,外观最满意,前排座椅很舒服,起步动力肉,悬架偏硬,外观大气",153,"油耗低,外观漂亮,乘坐空间够用",65,7,7.2
逸动,长安,紧凑型车,4.65,106900,74900,415,"胎噪有点大,起步动力肉,悬架减震偏硬",106,"乘坐空间不错,油耗满意,外观漂亮,安全配置让人满意,安全配置丰富,转向手感很轻,转向精准,内饰造型满意,后排空间大,后备厢空间很大",1197,"乘坐空间不错,油耗满意,外观漂亮",701,7.2,7.7
传祺GA4,广汽传祺,紧凑型车,4.65,115800,73800,357,"胎噪有点大,悬架减震偏硬,悬架减震硬",84,"乘坐空间不错,外观时尚,安全配置丰富,转向手感很轻,后备厢空间很大,外观漂亮,车内静音效果不错,内饰造型比较满意,车子配置完全可以的,胎噪有点大",684,"乘坐空间不错,外观时尚,安全配置丰富",406,8.5,8.4
DS 5LS,DS,紧凑型车,4.64,229800,168800,15,,0,"乘坐空间够用,外观非常个性,后排空间宽敞,外观漂亮,高速油耗满意",21,"乘坐空间够用,外观非常个性,外观漂亮",15,8.4,8.4
菲斯塔,现代,紧凑型车,4.63,154800,119800,198,"悬架偏硬,悬架减震偏硬,悬架减震有点硬",14,"油耗低,外观时尚,乘坐空间够用,外观帅气,悬架偏硬,外观最满意,悬架减震偏硬,油耗可以接受,外观漂亮,方向盘很轻",69,"油耗低,外观时尚,乘坐空间够用",35,8,8
EU系列,北汽新能源,紧凑型车,4.62,79800,79800,56,"高速胎噪偏大,音响效果实在不敢恭维,悬架偏软",12,"乘坐空间不错,外观流畅,乘坐空间比较宽敞,外观比较耐看,操控感很好,电耗不太明显,后备厢空间够用,内饰造型满意,转向很灵活,转向手感较轻",127,"乘坐空间不错,外观流畅,乘坐空间比较宽敞",62,,
艾瑞泽EX,奇瑞,紧凑型车,4.62,82900,59900,39,,0,外观漂亮,4,外观漂亮,4,7.4,9.1
骏派A50,一汽,紧凑型车,4.62,72900,55900,183,"悬架减震偏硬,悬架减震有点硬,起步动力有点肉",34,"油耗满意,乘坐空间不错,车子配置比较丰富,外观很时尚,转向手感很轻,乘坐空间够用,转向非常轻松,悬架减震偏硬,后备厢空间很大,外观漂亮",385,"油耗满意,乘坐空间不错,车子配置比较丰富",187,7.5,7.5
艾瑞泽GX,奇瑞,紧凑型车,4.61,113900,74900,119,"悬架减震偏硬,悬架减震有点硬",10,"油耗低,悬架减震偏硬,外观漂亮,方向盘很轻,外观时尚,悬架减震有点硬,乘坐空间绰绰有余,乘坐空间够用,乘坐空间很不错",43,"油耗低,外观漂亮,外观时尚",19,8.8,8.4
帝豪GL,吉利汽车,紧凑型车,4.61,115800,78800,1003,"悬架减震偏硬,胎噪有点大,起步动力有点肉",407,"乘坐空间不错,油耗满意,安全配置丰富,外观漂亮,后备厢空间很大,转向精准,悬架减震偏硬,胎噪有点大,内饰造型满意,后排空间大",3018,"乘坐空间不错,油耗满意,安全配置丰富",1550,7.2,7.4
中华H3,中华,紧凑型车,4.6,88900,63900,340,"悬架减震有点硬,味道很大,起步动力肉",90,"乘坐空间不错,外观漂亮,油耗满意,内饰配置好了,后备厢空间很大,悬架减震有点硬,操控感还不错,转向精准,后排空间宽敞,转向手感很轻",1206,"乘坐空间不错,外观漂亮,油耗满意",674,7.2,7.4
科鲁兹,雪佛兰,紧凑型车,4.58,169900,109900,852,"胎噪有点大,悬架减震偏硬,起步动力有点肉",345,"乘坐空间不错,外观漂亮,油耗满意,安全配置齐全,后备厢空间很大,转向精准,后排空间很大,转向手感很轻,胎噪有点大,悬架减震偏硬",2687,"乘坐空间不错,外观漂亮,油耗满意",1456,7.8,6.9
阅朗,别克,紧凑型车,4.57,147900,119900,83,"内饰材质硬,胎噪有点大,悬架减震偏硬",45,"乘坐空间不错,外观时尚,油耗满意,安全配置比较高,后备厢空间大,转向手感挺轻,后排空间宽敞,转向精准,加速动力十足,储物空间很多",800,"乘坐空间不错,外观时尚,油耗满意",420,6.2,6.7
高尔夫・嘉旅,大众,紧凑型车,4.57,197900,131900,104,"胎噪有点大,起步动力肉,大灯不满意",53,"乘坐空间满意,油耗满意,外观漂亮,储物空间很多,后排空间大,后备厢空间很大,高速油耗满意,转向精准,胎噪有点大,内饰造型满意",490,"乘坐空间满意,油耗满意,外观漂亮",314,7.2,6.9
观致3,观致,紧凑型车,4.56,153900,98900,31,"起步动力肉,悬架减震偏硬,导航不好用",11,"油耗满意,外观漂亮,乘坐空间不错,高速油耗满意,安全配置很放心,转向精准,首保免费,后备厢空间很大,操控很棒,悬架减震偏硬",96,"油耗满意,外观漂亮,乘坐空间不错",53,8.2,9.5
荣威i6,荣威,紧凑型车,4.56,143800,89800,1501,"隔音不好,味道大,悬架偏硬",410,"乘坐空间不错,油耗满意,外观漂亮,安全配置齐全,隔音不好,转向手感很轻,转向精准,后备厢空间很大,味道大,后排空间很大",3339,"乘坐空间不错,油耗满意,外观漂亮",1926,6.4,6.3
骏派A70,一汽,紧凑型车,4.56,87800,64800,116,"起步动力肉,内饰造型不太满意,驾驶位电动座椅调节太慢",16,"乘坐空间够用,外观漂亮,油耗满意,车子配置不怎么满意,后备厢空间很大,操控轻便,后排空间大,转向手感很轻,大灯犀利,转向灵活",331,"乘坐空间够用,外观漂亮,油耗满意",189,6.9,7.5
秦Pro,比亚迪,紧凑型车,4.56,115800,79800,143,,0,"油耗低,方向盘很轻,外观漂亮,油耗能接受,空间宽敞,前排座椅很舒服,油耗满意,外观时尚,空间比较大,前排座椅舒服",49,"油耗低,方向盘很轻,外观漂亮",25,6.9,8.2
凯越,别克,紧凑型车,4.56,99900,83900,56,,0,"油耗满意,乘坐空间不错,后备厢空间挺大,外观一体化,前排座椅特别舒适,内饰造型满意",44,"油耗满意,乘坐空间不错,后备厢空间挺大",32,6.6,6.7
英朗,别克,紧凑型车,4.55,144900,109900,1680,"味道比较大,起步动力有点肉,胎噪有点大",449,"乘坐空间不错,油耗满意,外观时尚,安全配置比较高,后备厢空间很大,转向手感很轻,后排空间大,转向精准,内饰造型很满意,动力很好",6211,"乘坐空间不错,油耗满意,外观时尚",3347,6.4,6.9
悦动,现代,紧凑型车,4.55,115900,79900,275,"悬架减震太硬,胎噪比较大,隔音不算好",74,"乘坐空间不错,油耗满意,外观时尚,安全配置比较齐全,后备厢空间很大,后排空间大,悬架减震太硬,内饰造型还不错,胎噪比较大,隔音不算好",551,"乘坐空间不错,油耗满意,外观时尚",325,6.4,7.5
卡罗拉,丰田,紧凑型车,4.55,175800,107800,2729,"隔音不好,悬架减震比较硬,胎噪有点大",999,"油耗满意,乘坐空间不错,外观漂亮,安全配置,后排空间大,后备厢空间很大,隔音不好,转向精准,转向手感很轻,悬架减震比较硬",7688,"油耗满意,乘坐空间不错,外观漂亮",4553,6.7,7.3
骏派CX65,一汽,紧凑型车,4.53,76900,68900,58,起步动力比较肉,3,"油耗没的说,乘坐空间很充裕,外观漂亮,后备厢空间很够用,安全配置良心,转向精准,油耗低,内饰造型不赖,转向手感很轻,后排空间很够用",83,"油耗没的说,乘坐空间很充裕,外观漂亮",47,7,7
东南A5翼舞,东南,紧凑型车,4.53,75900,49900,58,,0,"油耗低,油耗很满意",6,"油耗低,油耗很满意",6,6.4,7.6
威朗,别克,紧凑型车,4.53,185900,135900,1421,"起步动力肉,悬架减震有点硬,倒车影像没有大大的",428,"外观漂亮,乘坐空间不错,车子配置很高,后备厢空间很大,车内静音效果不错,内饰造型满意,转向精准,转向手感很轻,起步动力肉,后排空间很大",3645,"外观漂亮,乘坐空间不错,车子配置很高",1919,6.7,8.1
标致308S,标致,紧凑型车,4.52,179700,112700,617,"后排空间小,安全配置没有配备,胎噪比较大",212,"外观漂亮,油耗满意,后排空间小,安全配置没有配备,乘坐空间够用,隔音好,操控棒,车尾灯漂亮,内饰造型简洁,转向精准",787,"外观漂亮,油耗满意,乘坐空间够用",398,6.1,7
朗行,大众,紧凑型车,4.52,162900,112900,583,"悬架减震偏硬,起步动力有点肉,内饰造型太强",165,"乘坐空间不错,油耗满意,外观时尚,后备厢空间很大,转向手感很轻,安全配置齐全,悬架减震偏硬,转向精准,后排空间很大,操控很棒",1810,"乘坐空间不错,油耗满意,外观时尚",1087,6.2,7.3
标致408,标致,紧凑型车,4.52,169700,119700,9,胎噪比较大,8,"乘坐空间够用,油耗满意,胎噪比较大,外观漂亮,乘坐空间满意,内饰造型满意,后排空间大,外观流畅",49,"乘坐空间够用,油耗满意,外观漂亮",28,10.9,10.9
远景,吉利汽车,紧凑型车,4.52,72900,53900,702,"胎噪有点大,悬架偏硬,味道有点重",126,"乘坐空间够用,外观漂亮,安全配置丰富,后备厢空间很大,内饰造型很满意,转向手感很轻,安全配置比较到位,转向精准,后排空间大,高速油耗满意",1386,"乘坐空间够用,外观漂亮,安全配置丰富",759,6.6,7.5
C4世嘉,雪铁龙,紧凑型车,4.5,141800,98800,160,"后排空间小,起步动力肉,导航不流畅",60,"油耗满意,乘坐空间够用,后备厢空间大,安全配置一应俱全,外观漂亮,后排空间小,隔音好,转向精准,车尾灯比较好看,外漆面很亮",426,"油耗满意,乘坐空间够用,后备厢空间大",193,6.5,7.1
菲翔,菲亚特,紧凑型车,4.5,141800,100800,5,,0,乘坐空间足够,3,乘坐空间足够,3,9,9
东风风神E70,东风风神,紧凑型车,4.5,236800,212800,7,,0,"乘坐空间很充足,外观很满意,续航里程不错",10,"乘坐空间很充足,外观很满意,续航里程不错",10,,
景逸S50,东风风行,紧凑型车,4.49,102900,65900,106,"悬架减震有点硬,胎噪有点大,发动机噪音比较大",24,"乘坐空间满意,外观漂亮,油耗满意,车型配置好,后排空间大,后备厢空间大,内饰造型挺满意,转向精准,隔音不错,车灯很亮",313,"乘坐空间满意,外观漂亮,油耗满意",184,7.2,7.5
宝骏310W,宝骏,紧凑型车,4.48,69800,42800,416,"胎噪有点大,外漆面太薄,味道大",112,"乘坐空间满意,油耗满意,外观时尚,安全配置齐全,后备厢空间大,后排空间大,悬架减震偏舒适,转向手感很轻,定速巡航大屏幕,胎噪有点大",1246,"乘坐空间满意,油耗满意,外观时尚",764,6.5,6.8
东风风神A60,东风风神,紧凑型车,4.48,83700,69700,231,"悬架减震很硬,隔音不好,胎噪很明显",49,"乘坐空间不错,外观漂亮,油耗满意,车子配置丰富,后备厢空间很大,转向精准,悬架减震很硬,操控非常灵活,转向手感很轻,隔音不好",522,"乘坐空间不错,外观漂亮,油耗满意",340,6.9,7.1
捷达,大众,紧凑型车,4.48,108800,81100,36,"悬架减震有点硬,起步动力肉,胎噪有点大",76,"油耗满意,乘坐空间不错,后备厢空间大,外观时尚,悬架减震有点硬,保养费用便宜,起步动力肉,高速油耗满意,转向精准,定速巡航轻松",472,"油耗满意,乘坐空间不错,后备厢空间大",276,6.2,5.9
C-TREK蔚领,大众,紧凑型车,4.48,162900,116900,226,"后排空间不够大,悬架偏硬,悬架减震偏硬",65,"外观漂亮,油耗满意,乘坐空间够用,后备厢空间大,转向手感很轻,功能配置实用,转向精准,乘坐空间不错,储物空间大,高速油耗满意",705,"外观漂亮,油耗满意,乘坐空间够用",359,6.8,7.1
锐3,纳智捷,紧凑型车,4.48,96800,59800,83,"油耗吓人,悬架减震太硬,起步动力肉",35,"乘坐空间没得说,外观漂亮,油耗吓人,后备厢空间大,后排空间大,转向手感比较轻,转向精准,转向比较灵活,操控轻松,悬架减震太硬",195,"乘坐空间没得说,外观漂亮,后备厢空间大",114,7.1,8.9
启辰D60,启辰,紧凑型车,4.47,111800,69800,879,"悬架减震有点硬,起步动力肉,隔音差",296,"油耗满意,乘坐空间很满意,外观漂亮,车子配置很满意,后备厢空间很大,悬架减震有点硬,转向手感很轻,后排空间大,前排座椅很舒服,内饰造型满意",2375,"油耗满意,乘坐空间很满意,外观漂亮",1294,6.6,6.9
爱丽舍,雪铁龙,紧凑型车,4.47,125800,83800,11,"油耗有明显,隔音欠佳",9,"外观比较耐看,油耗有明显,后备厢空间较大,隔音欠佳,乘坐空间无压力,乘坐空间不错",26,"外观比较耐看,后备厢空间较大,乘坐空间无压力",14,7.6,7.6
博瑞GE,吉利汽车,中型车,4.68,179800,136800,236,"后备厢空间有点小,悬架减震偏硬",51,"乘坐空间满意,外观很漂亮,后备厢空间有点小,油耗满意,功能配置很丰富,车内静音效果很棒,音响效果不错,内饰造型满意,前排座椅很软,加速动力特别强",318,"乘坐空间满意,外观很漂亮,油耗满意",150,8.1,8.1
索纳塔九,现代,中型车,4.67,249800,169800,91,"胎噪比较大,悬架减震偏硬,悬架减震偏硬",29,"乘坐空间比较宽敞,外观很漂亮,车子配置挺满意,油耗满意,内饰造型挺好的,后排空间比较宽敞,转向精准,胎噪比较大,转向很灵活,储物空间比较丰富",254,"乘坐空间比较宽敞,外观很漂亮,车子配置挺满意",135,8,5.8
阿特兹,马自达,中型车,4.66,237800,175800,4445,"胎噪有点大,隔音不好,悬架减震偏硬",1425,"外观漂亮,油耗满意,乘坐空间够用,安全配置稳定,后备厢空间很大,操控之王,转向精准,转向手感很轻,胎噪有点大,隔音不好",11071,"外观漂亮,油耗满意,乘坐空间够用",6114,8.3,8.8
凯美瑞,丰田,中型车,4.64,279800,179800,1051,"胎噪有点大,起步动力肉,起步动力比较肉",163,"油耗满意,外观漂亮,安全配置很足,乘坐空间够用,乘坐空间足够,后备厢空间很大,内饰造型满意,转向精准,操控性很棒,车内静音效果不错",3024,"油耗满意,外观漂亮,安全配置很足",1566,8.2,7.5
红旗H5,红旗,中型车,4.63,195800,149800,205,"油耗不爽,油耗不算低",49,"乘坐空间不错,外观漂亮,安全配置很好,乘坐空间充足,外观完美,安全配置很丰富,后备厢空间够用,油耗不爽,油耗不算低,转向手感很轻",360,"乘坐空间不错,外观漂亮,安全配置很好",169,10.4,10.4
宝马M3,宝马,中型车,4.6,1088900,898900,6,,0,乘坐空间够用,4,乘坐空间够用,4,13.8,13.8
蒙迪欧,福特,中型车,4.59,319800,179800,189,"油耗不满意,后排空间太小,起步动力有点肉",118,"乘坐空间够用,外观时尚,油耗不满意,车子配置非常好,后备厢空间大,车内静音效果不错,转向精准,转向手感很轻,储物空间都很大,前排座椅很舒服",552,"乘坐空间够用,外观时尚,车子配置非常好",279,8.7,4.8
名图,现代,中型车,4.59,169800,129800,873,"悬架减震硬,胎噪有点大,起步动力有点肉",415,"乘坐空间不错,外观漂亮,油耗满意,内饰配置丰富,悬架减震硬,后备厢空间很大,后排空间大,转向手感很轻,转向精准,内饰造型满意",2936,"乘坐空间不错,外观漂亮,油耗满意",1625,7.9,7.9
讴歌TLX-L,讴歌,中型车,4.59,379800,279800,22,,0,"乘坐空间豪华,油耗满意,隔音很棒,后排空间无敌,乘坐空间平顺,隔音很好",34,"乘坐空间豪华,隔音很棒,油耗满意",23,9,9
金牛座,福特,中型车,4.58,299800,234800,40,"油耗不算很好,油耗不算不好",12,"乘坐空间满意,油耗不算很好,外观很上档次,乘坐舒适,油耗不算不好,外观上档次,隔音完美,隔音满意,操控沉稳",62,"乘坐空间满意,外观很上档次,外观上档次",33,11,11
君威,别克,中型车,4.58,269800,175800,2038,"悬架减震有点硬,胎噪有点大,味道比较大",461,"外观漂亮,乘坐空间不错,安全配置,后备厢空间很大,车内静音效果不错,转向精准,后排空间很大,内饰造型比较满意,加速动力十足,操控很棒",5568,"外观漂亮,乘坐空间不错,安全配置",3101,9.2,5.6
速派,斯柯达,中型车,4.58,249800,169800,471,"大灯简配,悬架偏硬,胎噪有点大",146,"油耗满意,外观漂亮,安全配置很到位,乘坐空间没得说,后备厢空间大,转向精准,后排空间大,转向手感很轻,储物空间大,操控稳",1411,"油耗满意,外观漂亮,安全配置很到位",687,6.7,7.1
迈锐宝XL,雪佛兰,中型车,4.56,269900,179900,1362,"胎噪比较大,悬架减震有点硬,悬架减震有点硬",229,"外观时尚,乘坐空间非常宽敞,油耗满意,车子配置比较齐全,乘坐空间不错,后排空间很大,转向精准,后备厢空间很大,转向手感很轻,车内静音效果不错",2935,"外观时尚,乘坐空间非常宽敞,油耗满意",1582,8.8,9.9
英菲尼迪Q50L,英菲尼迪,中型车,4.56,399800,269800,464,"储物空间少,转向手感太重,后备厢空间小",267,"乘坐空间够用,外观漂亮,油耗满意,储物空间少,转向手感太重,前排座椅很舒服,转向精准,后排空间大,操控很棒,功能配置丰富",1262,"乘坐空间够用,外观漂亮,油耗满意",709,9.7,9.7
宝马M4,宝马,中型车,4.52,1318900,928900,16,悬架减震很硬,3,"油耗满意,外观帅气,后备厢空间够大,悬架减震很硬,乘坐空间满意",21,"油耗满意,外观帅气,后备厢空间够大",15,12.5,13
沃尔沃V60,沃尔沃,中型车,4.52,589900,289900,98,"悬架减震比较硬,后排空间稍局促,转向过大",67,"乘坐空间不错,油耗满意,外观漂亮,后备厢空间大,悬架减震比较硬,安全配置比较到位,后排空间稍局促,转向精准,操控感还不错,前排空间不错",318,"乘坐空间不错,油耗满意,外观漂亮",139,10,10
君越,别克,中型车,4.51,309800,229800,569,"味道有点重,起步动力肉,胎噪略大",89,"乘坐空间不错,外观漂亮,整车配置很厚道,车内静音效果很好,后备厢空间大,转向精准,内饰造型豪华,后排空间很大,加速动力十足,转向手感很轻",1515,"乘坐空间不错,外观漂亮,整车配置很厚道",890,9.7,6.3
传祺GA6,广汽传祺,中型车,4.49,196800,102800,783,"起步动力肉,底盘太低,外漆面比较薄",152,"乘坐空间不错,外观漂亮,油耗满意,内饰配置丰富,后备厢空间很大,转向精准,起步动力肉,内饰造型很满意,底盘太低,后排空间大",1675,"乘坐空间不错,外观漂亮,油耗满意",982,7.7,8.1
雪铁龙C5,雪铁龙,中型车,4.49,219900,169900,128,"后排空间不大,起步动力有点肉,备胎太费劲",58,"油耗满意,乘坐空间完全够用,外观流畅,安全配置舒适,后排空间不大,车尾灯非常漂亮,后备厢空间大,隔音很好,转向精准,储物空间很大",351,"油耗满意,乘坐空间完全够用,外观流畅",163,9.5,9.2
雅阁,本田,中型车,4.49,279800,169800,474,"悬架减震偏硬,悬架减震偏硬,外漆面太薄",198,"油耗满意,乘坐空间不错,外观时尚,转向精准,外观漂亮,悬架减震偏硬,悬架减震偏硬,外漆面太薄,高速油耗满意,安全配置很实用",1413,"油耗满意,乘坐空间不错,外观时尚",911,7.9,5.4
帕萨特,大众,中型车,4.49,303900,189900,1135,"悬架减震偏硬,味道比较大,胎噪有点大",296,"乘坐空间满意,油耗满意,外观稳重,功能配置蛮明显,后备厢空间很大,转向精准,转向手感很轻,后排空间大,车内静音效果不错,加速动力很强",3346,"乘坐空间满意,油耗满意,外观稳重",1834,7.7,8.7
博瑞,吉利汽车,中型车,4.49,179800,119800,434,"油耗不满意,悬架减震偏硬,起步动力有点肉",246,"乘坐空间没话说,外观漂亮,车子配置很满意,油耗不满意,后备厢空间很大,隔音很好,转向精准,悬架减震偏硬,音响效果很好,内饰造型很满意",1255,"乘坐空间没话说,外观漂亮,车子配置很满意",715,9.8,10.7
捷豹XEL,捷豹,中型车,4.49,425800,288800,88,"后备厢空间太小,味道较大,后备厢空间小",25,"外观帅气,乘坐空间不错,转向手感很轻,乘坐空间足够,悬架减震很舒适,后排空间大,操控感很好,转向很精准,音响很棒,后备厢空间太小",172,"外观帅气,乘坐空间不错,转向手感很轻",85,10.2,8.9
博瑞GE新能源,吉利汽车,中型车,4.49,232800,199800,241,"电耗比较快,充电不方便",16,"乘坐空间足够,外观时尚,隔音很好,电耗比较快,转向手感很轻,后排空间大,底盘悬架扎实,前排座椅舒适,转向比较厚重,首保免费",128,"乘坐空间足够,外观时尚,隔音很好",78,6.2,9.4
林肯MKZ,林肯,中型车,4.49,378800,261800,40,"后排空间略小,底盘太低,车漆",47,"外观霸气,车尾灯喜欢,车内静音效果很好,整车配置够丰富,后备厢空间大,乘坐空间够用,后排空间略小,储物空间很多,底盘太低,高速油耗满意",266,"外观霸气,车尾灯喜欢,整车配置够丰富",107,5.6,12.9
睿骋CC,长安,中型车,4.48,138900,89900,330,"起步动力有点肉,胎噪略大,后排座椅不能放倒",52,"乘坐空间不错,外观漂亮,安全配置很满意,内饰造型满意,后备厢空间很大,后排空间大,转向精准,车内静音效果很好,中控屏很好用,转向手感很轻",837,"乘坐空间不错,外观漂亮,安全配置很满意",514,7.7,8.6
宝马3系GT,宝马,中型车,4.48,469800,369800,16,"储物空间略少,音响很不好",11,"乘坐空间满意,油耗满意,储物空间略少,后排空间大,后备厢空间大,乘坐空间很满意,外观很漂亮,后备厢空间超大,音响很不好,转向精准",68,"乘坐空间满意,油耗满意,后备厢空间大",33,9.3,9.3
迈锐宝,雪佛兰,中型车,4.47,189900,164900,2111,"起步动力有点肉,悬架减震偏硬,味道比较大",398,"外观漂亮,乘坐空间不错,车子配置比较好,后备厢空间很大,车内静音效果不错,转向精准,转向手感很轻,后排空间很大,操控性能不错,乘坐空间够用",4934,"外观漂亮,乘坐空间不错,车子配置比较好",2652,9.1,9.1
迈腾,大众,中型车,4.47,316900,189900,536,"悬架减震偏硬,悬架减震偏硬,胎噪有点大",144,"乘坐空间满意,油耗满意,外观稳重,后备厢空间大,后排空间大,外观漂亮,转向手感很轻,转向精准,高速油耗满意,加速动力十足",1479,"乘坐空间满意,油耗满意,外观稳重",807,7.2,9.4
INSPIRE,本田,中型车,4.47,249800,182800,37,,0,油耗低,3,油耗低,3,8.8,6
英菲尼迪Q50,英菲尼迪,中型车,4.46,467800,389800,316,"储物空间太少,音响差,悬架减震硬",82,"储物空间太少,外观漂亮,功能配置稳定,音响差,前排座椅舒服,悬架减震硬,加速动力输出平顺,胎噪太大,后排空间小,操控自如",219,"外观漂亮,功能配置稳定,前排座椅舒服",78,13.1,13.1
起亚K5新能源,起亚,中型车,4.46,239800,222800,9,,0,乘坐空间不错,3,乘坐空间不错,3,4.7,12.9
蔚揽,大众,中型车,4.46,402800,250800,49,车内静音效果太渣了,3,"乘坐空间绝对够用,外观漂亮,后备厢空间大,油耗满意,高速油耗满意,外观拉风,乘坐空间不挤,转向精准,前排座椅很舒适,转向手感很轻",117,"乘坐空间绝对够用,外观漂亮,油耗满意",56,6.7,9.8
奥迪A4L,奥迪,中型车,4.45,411000,290000,502,"音响效果欠佳,储物空间太少了,胎噪有点大",282,"乘坐空间不错,油耗满意,外观漂亮,音响效果欠佳,储物空间太少了,内饰配置年轻活力,后排空间宽敞,转向手感很轻,后备厢空间很大,内饰造型满意",1301,"乘坐空间不错,油耗满意,外观漂亮",678,9.3,9.8
思铂睿,本田,中型车,4.43,267900,179900,173,"悬架减震比较硬,胎噪有点大,味道",59,"油耗满意,乘坐空间不错,外观漂亮,功能配置值得拥有,隔音好,后备厢空间很大,悬架减震比较硬,转向精准,操控很棒,储物空间很多",455,"油耗满意,乘坐空间不错,外观漂亮",259,7.8,9.7
西玛,日产,中型车,4.43,267800,234800,79,"头部空间有限,储物空间少,悬架偏硬",18,"乘坐空间够用,外观时尚,安全配置不赖,油耗满意,车内静音效果很好,后备厢空间很大,内饰造型豪华,音响没得说,高速油耗满意,头部空间有限",166,"乘坐空间够用,外观时尚,安全配置不赖",85,10,10
起亚K5,起亚,中型车,4.41,239800,164800,587,"悬架减震偏硬,胎噪比较大,导航不能用",249,"乘坐空间不错,外观漂亮,油耗满意,低配配置厚道,悬架减震偏硬,胎噪比较大,转向手感很轻,后排空间大,后备厢空间大,转向精准",1398,"乘坐空间不错,外观漂亮,油耗满意",811,8.5,9.2
宝马3系,宝马,中型车,4.41,366800,316800,142,"储物空间少,胎噪有点大,悬架偏硬",81,"乘坐空间够用,油耗满意,外观漂亮,储物空间少,后排空间大,转向精准,加速动力十足,胎噪有点大,操控很棒,后备厢空间很大",392,"乘坐空间够用,油耗满意,外观漂亮",178,9.4,9.4
奥迪A4(进口),奥迪,中型车,4.4,436500,395800,64,"储物空间太少,悬架有点硬,后排空间小",35,"油耗满意,外观硬朗,后备厢空间大,储物空间太少,转向手感很轻,高速油耗满意,氛围灯很好,悬架有点硬,后排空间小,加速动力稳重",153,"油耗满意,外观硬朗,后备厢空间大",81,9.8,9.8
凯迪拉克ATS-L,凯迪拉克,中型车,4.4,428800,298800,1328,"悬架减震偏硬,后备厢空间小,储物空间少",840,"外观漂亮,乘坐空间够用,悬架减震偏硬,隔音好,后备厢空间小,加速动力十足,转向精准,整车配置非常齐全,操控很棒,储物空间少",3200,"外观漂亮,乘坐空间够用,隔音好",1518,11,11
天籁,日产,中型车,4.4,298800,175800,382,"外漆面比较薄,起步动力肉,味道有点大",140,"油耗满意,乘坐空间不错,安全配置,高速油耗满意,后备厢空间很大,隔音不错,外观时尚,外漆面比较薄,起步动力肉,保养费用免费",1015,"油耗满意,乘坐空间不错,安全配置",576,9.2,9.1
雷克萨斯IS,雷克萨斯,中型车,4.4,422000,304000,57,"油耗不满意,储物空间太少,胎噪偏大",50,"油耗不满意,外观帅气,储物空间太少,隔音好,转向精准,转向手感很轻,车灯挺亮,保养费用免费,操控自如,后备厢空间挺大",133,"外观帅气,隔音好,转向精准",51,11.2,11.2
奔驰C级(进口),奔驰,中型车,4.38,538800,358800,30,"安全带太难,中控屏太小气,导航太鸡肋",12,"外观帅气,油耗满意,乘坐空间方便,后备厢空间大,安全带太难,前排空间没问题,车内静音效果很好,储物空间非常平整,路感反馈清晰,中控屏太小气",58,"外观帅气,油耗满意,后备厢空间大",26,10.1,10.1
腾势,腾势,中型车,4.38,328800,298800,13,,0,乘坐空间不错,6,乘坐空间不错,6,16,16
海马M6,海马,中型车,4.37,102800,69800,210,"起步动力肉,胎噪有点大,外漆面有点薄",51,"乘坐空间不错,外观漂亮,车子配置好多,后备厢空间大,后排空间大,转向不错,起步动力肉,内饰造型满意,转向手感挺轻,胎噪有点大",500,"乘坐空间不错,外观漂亮,车子配置好多",335,8,9.2
奔驰C级,奔驰,中型车,4.33,486800,310800,267,"悬架偏硬,味道太大,转向手感有点硬",68,"乘坐空间够用,油耗满意,外观漂亮,转向精准,内饰造型豪华,后排空间很大,悬架偏硬,味道太大,转向手感有点硬,高速油耗满意",480,"乘坐空间够用,油耗满意,外观漂亮",285,9.9,9.2
一汽-大众CC,大众,中型车,4.32,309800,252800,21,"油耗不满意,悬架偏硬,后排空间太拥挤",15,"外观流畅,乘坐空间够用,油耗不满意,后备厢空间大,悬架偏硬,转向手感很稳,转向精准,后排空间太拥挤,腿部空间挺大",55,"外观流畅,乘坐空间够用,后备厢空间大",29,10.9,10.9
凯绅,起亚,中型车,4.31,149800,128800,85,"胎噪有点大,起步动力有点肉,味道都很大",32,"乘坐空间够用,外观漂亮,油耗满意,安全配置实用,后备厢空间挺大,内饰造型很好,后排空间大,转向很精准,转向手感很轻,加速动力十足",273,"乘坐空间够用,外观漂亮,油耗满意",148,8.4,8.4
力帆820,力帆汽车,中型车,4.3,119800,76800,51,隔音太差,3,"乘坐空间满意,外观漂亮,隔音太差,储物空间大,音响效果不错",43,"乘坐空间满意,外观漂亮,音响效果不错",37,8.6,11.4
Giulia,阿尔法・罗密欧,中型车,4.29,949800,319800,53,"储物空间不多,手套箱小,储物空间稍小",18,"外观个性,乘坐空间够用,油耗满意,操控稳定,转向精准,悬架减震舒适,隔音不错,转向手感很轻,加速动力十足,储物空间稍小",116,"外观个性,油耗满意,乘坐空间够用",53,10.9,19
沃尔沃S90新能源,沃尔沃,中大型车,4.73,1088000,598000,12,,0,乘坐空间没的说,6,乘坐空间没的说,6,6.7,16.4
皇冠,丰田,中大型车,4.7,381800,254800,499,"油耗不低,油耗有些略高,味道比较大",230,"外观漂亮,乘坐空间不错,乘坐空间非常不错,油耗不低,转向很精准,后备厢空间很大,油耗有些略高,车子配置很高,味道比较大,加速动力特别强",1026,"外观漂亮,乘坐空间不错,乘坐空间非常不错",498,12.6,12.6
奥迪A7,奥迪,中大型车,4.67,879800,556000,25,"后排空间小,悬架偏硬,后排空间局促",10,"外观时尚,转向手感很轻,乘坐空间很足,外观漂亮,隔音很棒,转向特别精准,后备厢空间很大,底盘悬架扎实,后排空间小,前排空间没得说",54,"外观时尚,转向手感很轻,外观漂亮",23,9.4,13.1
林肯大陆,林肯,中大型车,4.63,566800,368800,33,油耗不满意,4,"空间有大了,外观稳重,整车配置丰富,外观新颖,后排空间大,车内静音效果非常好,后备厢空间很大,转向很精准,油耗不满意,路感反馈清晰",77,"空间有大了,整车配置丰富,外观稳重",41,11.8,13
沃尔沃V90,沃尔沃,中大型车,4.61,594800,446800,34,"悬架偏硬,储物空间不行",8,"安全配置齐全,后备厢空间大,乘坐空间绝对够,音响棒,外观漂亮,油耗稳定,后排空间很大,隔音一流,转向很好,内饰材质很棒",101,"安全配置齐全,后备厢空间大,乘坐空间绝对够",46,10.9,9.8
东风A9,东风风神,中大型车,4.61,219700,179700,108,"发动机噪音偏大,导航太垃圾,车内静音效果不好",10,"乘坐空间满意,油耗满意,外观稳重,乘坐空间充足,后排空间很大,外观流畅,转向手感较轻,后备厢空间宽敞,乘坐舒适,转向精准",177,"乘坐空间满意,油耗满意,外观稳重",107,9,9
沃尔沃S90,沃尔沃,中大型车,4.61,551800,379800,201,"悬架减震偏硬,隔音差,悬架减震偏硬",18,"喜欢外观,油耗还可以接受,转向手感很轻,乘坐空间足够,后备厢空间很大,安全配置很丰富,转向很轻,油耗满意,外观漂亮,悬架减震偏硬",207,"喜欢外观,油耗还可以接受,转向手感很轻",109,10.3,10.3
凯迪拉克CT6,凯迪拉克,中大型车,4.58,699000,379700,155,"底盘低,味道太重,市区油耗不低",46,"乘坐空间足够,外观霸气,油耗满意,转向精准,加速动力十足,后备厢空间很大,大灯特别喜欢,车子配置丰富,车内静音效果很好,内饰配置满意",593,"乘坐空间足够,外观霸气,油耗满意",352,11.5,12
英菲尼迪Q70,英菲尼迪,中大型车,4.55,614800,379800,168,"储物空间太少,胎噪有点大,中控屏坑",35,"乘坐空间满意,外观漂亮,油耗满意,后排空间大,车子配置足够,前排座椅舒服,操控比较灵活,内饰造型漂亮,高速油耗满意,转向精准",418,"乘坐空间满意,外观漂亮,油耗满意",253,11.4,8.8
辉昂,大众,中大型车,4.54,659000,349000,220,"胎噪明显,导航十分差,发动机噪音很大",15,"乘坐空间不错,油耗满意,外观稳重,整车配置比较给力,车内静音效果非常好,后备厢空间大,转向手感很轻,后排空间大,转向精准,外观低调",574,"乘坐空间不错,油耗满意,外观稳重",313,9.4,9
奥迪A6L,奥迪,中大型车,4.54,694800,402800,262,"储物空间太少了,味道大,音响一般般",103,"乘坐空间不错,油耗满意,外观漂亮,转向手感很轻,储物空间太少了,功能配置基本齐全,车内静音效果不错,后排空间大,高速油耗满意,味道大",677,"乘坐空间不错,油耗满意,外观漂亮",383,9.1,9.9
雷克萨斯ES,雷克萨斯,中大型车,4.54,468000,279000,137,"音响阉割,储物空间少,味道比较大",40,"油耗满意,乘坐空间不错,外观漂亮,保养费用免费,安全配置满意,后排空间很大,隔音不错,加速动力不错,音响阉割,前排座椅舒适",419,"油耗满意,乘坐空间不错,外观漂亮",252,8.5,5.9
奔驰CLS级,奔驰,中大型车,4.53,838000,648800,10,,0,"乘坐空间不小,油耗满意,大灯无敌,外观优美",14,"油耗满意,乘坐空间不小,大灯无敌",11,10.4,10.4
雷克萨斯GS,雷克萨斯,中大型车,4.52,560000,438000,39,"后排空间小,胎噪略大,音响阉割",19,"油耗满意,外观漂亮,后排空间小,车型配置多一些,后备厢空间大,操控很棒,保养费用免费,转向精准,隔音不错,高速油耗满意",94,"油耗满意,外观漂亮,车型配置多一些",45,10.6,6.5
凯迪拉克XTS,凯迪拉克,中大型车,4.52,359900,299900,591,"味道大,底盘略低,起步动力肉",61,"乘坐空间不错,外观霸气,车内静音效果很好,车子配置很高,后备厢空间很大,转向手感很轻,车尾灯很特别,转向很精准,后排空间很大,音响效果很棒",1938,"乘坐空间不错,外观霸气,车内静音效果很好",988,10.7,10.7
捷恩斯,现代,中大型车,4.5,648800,378000,74,"油耗不满意,导航过低,胎噪过大",18,"功能配置丰富,外观漂亮,油耗不满意,保养费用免费,音响很棒,隔音完美,导航过低,胎噪过大,乘坐空间小",80,"功能配置丰富,外观漂亮,音响很棒",45,13,12
奥迪A6L新能源,奥迪,中大型车,4.5,454800,454800,6,,0,乘坐空间绰绰有余,3,乘坐空间绰绰有余,3,7.1,15.7
传祺GA8,广汽传祺,中大型车,4.49,259800,149800,92,"导航没啥用,外漆面比较薄,内饰颜色不太耐脏",13,"乘坐空间很满意,外观霸气,转向精准,车内静音效果不错,后备厢空间很大,起步动力不肉,操控很赞,中控屏很喜欢,外观优美,味道很淡",174,"乘坐空间很满意,外观霸气,车内静音效果不错",113,9.1,9.3
宝马5系,宝马,中大型车,4.48,659900,436900,253,"储物空间少,胎噪有点大,胎噪较大",66,"油耗满意,乘坐空间没的说,乘坐空间够用,外观霸气,操控很棒,车内静音效果很好,转向精准,外观流畅,加速动力十足,储物空间少",471,"油耗满意,乘坐空间没的说,乘坐空间够用",225,9.8,11.2
捷豹XFL,捷豹,中大型车,4.48,683800,385800,84,"储物空间太少,外漆面比较薄,悬架减震偏硬",40,"乘坐空间足够,油耗能接受,外观漂亮,储物空间太少,操控准确,音响不错,后排空间大,转向精准,后备厢空间够大,外漆面比较薄",223,"乘坐空间足够,油耗能接受,外观漂亮",123,10.8,9.8
克莱斯勒300C(进口),克莱斯勒,中大型车,4.47,491900,399900,74,"悬架减震偏硬,后排空间小,起步动力比较肉",30,"外观霸气,功能配置平稳,音响猛,油耗满意,乘坐空间很够,悬架减震偏硬,后排空间小,方向盘加热真心实用,隔音很好,内饰材质豪华",177,"外观霸气,功能配置平稳,音响猛",103,12.1,9.8
宝马5系(进口),宝马,中大型车,4.46,609900,429900,75,"储物空间不是很合理,悬架偏硬,后排座椅不能放倒",15,"乘坐空间够用,隔音好,外观帅气,氛围灯很不错,操控感很足,高速油耗满意,加速动力十足,转向精准,油耗满意,内饰材质显档次",134,"乘坐空间够用,隔音好,外观帅气",62,10.2,12.7
奥迪A6(进口),奥迪,中大型车,4.43,559800,429800,34,,0,"乘坐空间动感,油耗满意,外观帅,后备厢空间大,转向手感很轻,内饰材质扎实,原车音响效果够用",51,"乘坐空间动感,外观帅,油耗满意",32,10.7,12.4
宝马5系新能源,宝马,中大型车,4.42,499900,496900,29,音响垃圾,3,"乘坐空间不错,悬架减震很舒服,前排座椅舒适,内饰造型满意,音响垃圾",28,"乘坐空间不错,悬架减震很舒服,前排座椅舒适",22,6.2,16.4
众泰Z700,众泰,中大型车,4.42,165800,105800,5,油耗不满意,3,"乘坐空间方便,油耗不满意,后备厢空间不错",10,"乘坐空间方便,后备厢空间不错",7,10.8,10
红旗H7,红旗,中大型车,4.41,325800,258800,9,油耗没有不满意,4,"外观稳重,乘坐空间霸气,油耗没有不满意,保养费用免费,悬架舒适,内饰造型并非很出众,操控感很强",34,"外观稳重,乘坐空间霸气,保养费用免费",21,11.7,11.7
宝马6系GT,宝马,中大型车,4.36,799900,599900,18,,0,"乘坐空间很充裕,外观挺漂亮,外观帅气",18,"乘坐空间很充裕,外观挺漂亮,外观帅气",18,10.2,20
凯迪拉克CT6 PLUG-IN,凯迪拉克,中大型车,4.35,658800,558800,9,后备厢空间太小,3,"乘坐空间非常舒适,后备厢空间太小",6,乘坐空间非常舒适,3,4.6,4.6
奔驰E级,奔驰,中大型车,4.32,629800,435800,112,"胎噪很大,车内静音效果不是太好,倒车雷达延迟",39,"乘坐空间不错,油耗满意,外观霸气,后排空间大,内饰造型满意,胎噪很大,氛围灯大,转向精准,车内静音效果不是太好,转向手感很轻",272,"乘坐空间不错,油耗满意,外观霸气",154,10.3,14.3
奔驰E级(进口),奔驰,中大型车,4.16,704800,453800,18,,0,"外观精致,乘坐空间够用,前排座椅舒适,外观漂亮,内饰造型满意,后排空间不会局促,氛围灯赞",26,"外观精致,外观漂亮,前排座椅舒适",13,11,12
奔驰E级AMG,奔驰,中大型车,4.13,1668800,918800,7,悬架减震硬,3,"后备厢空间大,乘坐空间适中,外观帅气,悬架减震硬",14,"后备厢空间大,乘坐空间适中,外观帅气",11,20,20
奥迪A8,奥迪,大型车,4.8,1224800,876800,12,,0,"乘坐空间不错,油耗满意,外观线条流畅,内饰造型豪华,隔音不错,后排空间大,车子操控很顺畅,中控屏很有科技感",46,"乘坐空间不错,油耗满意,外观线条流畅",25,12.8,12.8
雷克萨斯LS,雷克萨斯,大型车,4.76,1196000,824000,7,,0,保养费用免费,3,保养费用免费,3,9.2,9.2
捷豹XJ,捷豹,大型车,4.63,1068000,888000,6,储物空间太小,3,"储物空间太小,油耗满意,外观漂亮,乘坐空间很满意",12,"油耗满意,外观漂亮,乘坐空间很满意",9,,
宝马7系,宝马,大型车,4.56,2488000,828000,70,"胎噪有点大,储物空间偏少",12,"乘坐空间没的说,油耗满意,操控很好,车子配置很高,外观很霸气,后排空间大,隔音安静,转向手感很轻,胎噪有点大,高速油耗满意",164,"乘坐空间没的说,油耗满意,操控很好",92,10.4,11.9
奔驰S级,奔驰,大型车,4.45,1981000,863800,37,"后备厢空间不大,不配座椅通风,储物空间太少",11,"乘坐空间不用多说,氛围灯很好,外观稳重,后排空间很大,高速油耗满意,操控好驾驶,车灯全新,不配座椅通风,加速动力非常强烈,后备厢空间不大",74,"乘坐空间不用多说,氛围灯很好,外观稳重",38,13.3,14.9
Panamera新能源,保时捷,大型车,4.44,2548000,1198000,4,,0,乘坐空间不错,4,乘坐空间不错,4,8.3,26
Panamera,保时捷,大型车,4.36,2178000,998000,63,"储物空间比较少,内饰颜色单一,转向手感太重",24,"乘坐空间还不错,外观稳重,油耗满意,储物空间比较少,车尾灯很赞,操控很好,后排空间大,内饰造型豪华,外观满意,腿部空间挺不错",139,"乘坐空间还不错,外观稳重,油耗满意",78,12.5,12.4
捷豹F-TYPE,捷豹,跑车,4.88,1628000,598000,3,,0,乘坐空间不错,3,乘坐空间不错,3,12,12
保时捷718,保时捷,跑车,4.53,918000,558000,10,,0,"油耗满意,高速油耗满意,外观漂亮",15,"油耗满意,高速油耗满意,外观漂亮",15,11.5,11.5
科迈罗,雪佛兰,跑车,4.5,399900,399900,68,"储物空间小,后备厢空间小,悬架偏硬",27,"外观拉风,空间有大了,油耗挺不错,头灯大,加速动力很强,前排空间很大,操控感十足,转向精准,悬架偏硬,储物空间小",182,"外观拉风,空间有大了,油耗挺不错",99,11.6,11.6
Mustang,福特,跑车,4.49,591800,403800,33,"悬架减震硬,转向手感硬,悬架减震硬",25,"外观拉风,油耗满意,乘坐空间不错,转向很精准,内饰造型满意,悬架减震硬,转向手感硬,前排空间非常大,动力不错,悬架减震硬",133,"外观拉风,油耗满意,乘坐空间不错",71,10.8,24
保时捷911,保时捷,跑车,4.41,3898000,1228000,27,悬架减震硬,4,"油耗能接受,外观满意,乘坐空间大,悬架减震硬,操控一级棒,内饰造型满意,前排空间很充裕,路感反馈清晰,前备厢空间不错",46,"油耗能接受,外观满意,乘坐空间大",26,13.9,10
宝马2系,宝马,跑车,4.3,499800,255800,33,"后排空间比较小,悬架减震硬",8,"油耗满意,乘坐空间足够,外观时尚,转向精准,隔音超过预期,加速动力非常强,后备厢空间很宽敞,悬架减震硬,后排空间比较小,路感反馈清晰",64,"油耗满意,乘坐空间足够,外观时尚",32,8.8,9.3
英菲尼迪Q60,英菲尼迪,跑车,4.24,385800,366800,8,,0,"外观优美,油耗还可以接受,乘坐空间一流,音响超赞,前排座椅很舒服",26,"外观优美,油耗还可以接受,乘坐空间一流",19,11.4,11.4
马自达MX-5,马自达,跑车,4.16,340000,339000,15,乘坐空间小,3,乘坐空间小,3,,0,8.8,8.8
宝马M2,宝马,跑车,4.08,649800,599800,18,转向手感很紧,4,"外观实用,转向手感很紧,操控很棒,油耗满意,乘坐空间完全够,后备厢空间够用了,车尾灯迷人",27,"外观实用,乘坐空间完全够,油耗满意",13,14.9,14.9
斯派卡,野马汽车,MPV,4.88,75800,59800,11,,0,乘坐空间满意,7,乘坐空间满意,7,,
宝马2系多功能旅行车,宝马,MPV,4.75,306800,269800,6,胎噪有点大,3,"油耗满意,乘坐空间足够,胎噪有点大,乘坐空间比较满意",15,"油耗满意,乘坐空间足够,乘坐空间比较满意",12,7.2,7.2
启辰M50V,启辰,MPV,4.75,90900,65800,4,"后备厢空间太小,外漆面很薄,车尾灯丑",25,"油耗满意,乘坐空间不错,外观时尚,后备厢空间太小,前排座椅舒适,转向手感很轻,头部空间大,高速油耗满意,内饰造型很有科技感,转向不错",164,"油耗满意,乘坐空间不错,外观时尚",99,,
欧尚,长安欧尚,MPV,4.63,84900,58900,10,"悬架减震偏硬,发动机噪音有点大,起步动力肉",27,"乘坐空间很满意,油耗满意,外观漂亮,安全配置,转向精准,操控性能很好,前排座椅舒服,导航不错,内饰造型满意,转向手感很轻",497,"乘坐空间很满意,油耗满意,外观漂亮",283,6.8,6.8
途睿欧,福特,MPV,4.58,265800,176900,105,"内饰做工不够精致,内饰塑料感太强,转弯侧倾",13,"乘坐空间满意,外观时尚,油耗满意,操控感很好,储物空间大,前排座椅很舒服,转向精准,内饰造型很满意,后备厢空间大,转向手感比较轻",232,"乘坐空间满意,外观时尚,油耗满意",161,11.3,11.9
轩朗,力帆汽车,MPV,4.58,106800,69800,168,"油耗不满意,油耗吓人,悬架减震偏硬",64,"乘坐空间非常满意,外观漂亮,乘坐空间不错,油耗不满意,内饰配置丰富,油耗吓人,转向精准,悬架减震偏硬,后排空间很大,隔音不好",363,"乘坐空间非常满意,外观漂亮,内饰配置丰富",223,10.5,8.9
贵士,日产,MPV,4.57,468000,468000,29,导航垃圾,3,"乘坐空间足够,外观耐看,后备厢空间够大,油耗满意,音响满意,前排座椅舒服,导航垃圾",35,"乘坐空间足够,外观耐看,后备厢空间够大",22,14.1,14.1
凌轩,长安,MPV,4.57,110900,67900,205,"发动机噪音明显,离合器踏板不在一个平面,倒车影像延迟",19,"乘坐空间满意,外观漂亮,油耗满意,安全配置齐全,车内静音效果很好,内饰造型很满意,前排座椅舒适,操控很好,储物空间很多,转向手感很轻",594,"乘坐空间满意,外观漂亮,油耗满意",350,8.9,8.8
风行F600,东风风行,MPV,4.56,112900,93900,52,"内饰做工不满意,储物空间少,大灯不好",11,"乘坐空间不错,外观漂亮,前排座椅舒服,操控非常灵活,内饰造型满意,隔音很好,内饰做工不满意,储物空间少,转向精准,座椅材质挺舒服",108,"乘坐空间不错,外观漂亮,前排座椅舒服",74,8.1,10.2
大捷龙(进口),克莱斯勒,MPV,4.56,496900,496900,6,,0,乘坐空间比较宽敞,5,乘坐空间比较宽敞,5,,
日产NV200,日产,MPV,4.56,125800,107800,8,,0,"乘坐空间满意,油耗满意",9,"乘坐空间满意,油耗满意",9,,
英致737,潍柴英致,MPV,4.55,87800,49800,116,"后备厢空间略小,起步动力肉,内饰做工有待加强",17,"乘坐空间不错,油耗满意,外观漂亮,后备厢空间略小,倒车影像绝对方便,操控性很满意,转向不错,转向手感很稳,导航清晰,前排座椅舒服",187,"乘坐空间不错,油耗满意,外观漂亮",137,6.8,7.8
迈特威,大众,MPV,4.55,532800,391800,5,,0,乘坐空间满意,3,乘坐空间满意,3,11,11
瑞风R3,江淮,MPV,4.55,90800,64800,54,"发动机噪音比较明显,第三排空间不大",7,"乘坐空间足够宽敞,油耗满意,外观很时尚,内饰造型很喜欢,车内静音效果强,后排空间比较宽敞,转向手感稳,储物空间防滑,乘坐空间合适,大灯很犀利",133,"乘坐空间足够宽敞,油耗满意,外观很时尚",78,8.6,8.6
福美来F7,海马,MPV,4.54,119800,79800,42,味道大,9,"乘坐空间很满意,油耗满意,外观霸气,转向手感刚刚好,车内静音效果很好,味道大,加速动力很强,电子手刹很方便,操控很棒,储物空间足够",110,"乘坐空间很满意,外观霸气,油耗满意",65,8.5,9
别克GL8,别克,MPV,4.54,449900,229900,609,"油耗不满意,味道有点大,起步动力有点肉",291,"乘坐空间满意,外观时尚,油耗不满意,安全配置满意,后备厢空间大,车内静音效果不错,转向手感很轻,前排座椅舒适,储物空间很多,内饰造型满意",1683,"乘坐空间满意,外观时尚,安全配置满意",941,11.4,10.9
福美来MPV,海马,MPV,4.54,128900,79800,98,"外漆面有点薄,后备厢空间有点小,胎噪声有点大",20,"乘坐空间满意,外观很漂亮,安全配置实用,储物空间比较多,转向手感很轻,操控棒,转向精准,前排座椅舒适,车内静音效果不错,底盘悬架扎实",260,"乘坐空间满意,外观很漂亮,安全配置实用",171,8.7,9.6
途安,大众,MPV,4.53,199800,155800,487,"起步动力有点肉,味道大,第三排空间小了点",70,"乘坐空间满意,油耗满意,外观漂亮,转向手感很轻,转向精准,安全配置很到位,操控很稳,后备厢空间很大,后排空间很大,起步动力有点肉",1164,"乘坐空间满意,油耗满意,外观漂亮",766,7.6,7.6
上汽大通G10,上汽大通,MPV,4.53,269800,133800,64,"油耗差,油耗不满意,味道挺大",27,"乘坐空间不错,乘坐空间富裕,内饰外观很上档次,油耗差,内饰配置很好,外观不错,外形好看,油耗不满意,头部空间敞亮,后备厢空间特别大",141,"乘坐空间不错,乘坐空间富裕,内饰外观很上档次",68,8,8
开瑞K50,开瑞,MPV,4.52,73800,44900,125,"味道有点重,安全配置不够丰富,后排空间小",14,"乘坐空间不错,油耗满意,外观不错,乘坐空间没得说,转向精准,中控台造型蛮有科技感,车内静音效果不错,味道有点重,后备厢空间很大,储物空间很大",195,"乘坐空间不错,油耗满意,外观不错",141,8,8
华晨金杯750,金杯,MPV,4.52,73300,53800,351,"起步动力有点肉,后备厢空间太小,悬架减震比较软",62,"乘坐空间很满意,外观漂亮,安全配置满意,油耗满意,转向手感很轻,起步动力有点肉,转向精准,前排座椅很舒服,大灯很犀利,转向灵活",698,"乘坐空间很满意,外观漂亮,安全配置满意",443,7.4,7.2
北汽威旺M50F,北汽威旺,MPV,4.52,86800,55800,129,"悬架减震偏硬,隔音不好,起步动力有点肉",34,"乘坐空间满意,外观漂亮,安全配置丰富,油耗满意,操控很满意,内饰造型很满意,悬架减震偏硬,前排座椅很舒服,转向手感很轻,中控屏很灵敏",371,"乘坐空间满意,外观漂亮,安全配置丰富",220,7.3,7.2
宋MAX,比亚迪,MPV,4.52,129900,79900,966,"起步动力肉,后备厢空间太小了,隔音不算好",241,"外观漂亮,乘坐空间不错,乘坐空间够用,内饰配置挺高,安全配置丰富,内饰造型满意,后排空间大,转向精准,起步动力肉,中控屏不错",1991,"外观漂亮,乘坐空间不错,乘坐空间够用",1188,7.9,9
风行CM7,东风风行,MPV,4.51,229900,118900,40,"胎噪声挺明显,有异味,低配配置太差",10,"乘坐空间非常不错,外观感很好,油耗满意,操控自如,前排座椅挺舒服,后备厢空间大,内饰造型好,乘坐空间奢侈,转向特别灵活,储物空间特别棒",121,"乘坐空间非常不错,外观感很好,油耗满意",73,10.3,11.7
金杯F50,金杯,MPV,4.51,84900,69900,305,"起步动力有点肉,悬架减震有点硬,内饰材质是织物",28,"乘坐空间满意,外观漂亮,油耗满意,车子配置齐全,转向手感很轻,前排座椅舒适,内饰造型很满意,后排空间大,转向精准,储物空间人性化",645,"乘坐空间满意,外观漂亮,油耗满意",424,7.6,7.5
菱智,东风风行,MPV,4.48,89900,55900,107,"车内静音效果不好,转向手感不好操控,起步动力肉",21,"乘坐空间满意,外观漂亮,油耗满意,安全配置丰富,前排座椅挺舒服,转向精准,车内静音效果不好,转向灵活,操控很稳,储物空间很大",264,"乘坐空间满意,外观漂亮,油耗满意",174,9.1,8.6
瑞风M3,江淮,MPV,4.47,96800,59800,13,"油耗不满意,悬架减震偏硬",18,"乘坐空间满意,油耗不满意,外观霸气,高速油耗满意,保养费用不高,悬架减震偏硬",57,"乘坐空间满意,外观霸气,高速油耗满意",36,9.7,9.7
欧尚A800,长安欧尚,MPV,4.47,119900,59900,284,"悬架减震比较软,后备厢空间有点小,起步动力肉",64,"乘坐空间很满意,外观时尚,功能配置很实用,中控屏很喜欢,隔音不错,操控轻松,悬架减震比较软,转向精准,内饰造型很满意,储物空间很多",654,"乘坐空间很满意,外观时尚,功能配置很实用",426,8.9,10.1
嘉华(进口),起亚,MPV,4.47,392400,271800,21,"音响差,悬架减震偏硬,大灯不亮",13,"乘坐空间没的说,油耗满意,外观很漂亮,后备厢空间巨大,音响差,味道小,储物空间完美,底盘悬架扎实,悬架减震偏硬,转向手感棒",72,"乘坐空间没的说,油耗满意,外观很漂亮",37,8.8,12.5
传祺GM8,广汽传祺,MPV,4.45,259800,176800,118,"油耗不满意,后备厢空间小,后备厢空间有点小",43,"乘坐空间满意,外观漂亮,乘坐空间不错,油耗不满意,外观霸气,功能配置很满意,转向手感比较轻,后备厢空间小,储物空间很方便,后备厢空间有点小",212,"乘坐空间满意,外观漂亮,乘坐空间不错",114,11.9,16
奔驰R级,奔驰,MPV,4.4,726800,548800,30,"导航垃圾,后备厢空间有限,转向手感硬",18,"乘坐空间满意,外观漂亮,导航垃圾,油耗满意,后排空间充足,后备厢空间有限,悬架减震很舒服,转向手感硬,内饰造型老旧,音响一流",74,"乘坐空间满意,外观漂亮,油耗满意",39,13.3,13.3
C4 PICASSO,雪铁龙,MPV,4.38,265800,216800,16,,0,"乘坐空间不错,油耗很宽敞,后排空间大",17,"乘坐空间不错,油耗很宽敞,后排空间大",17,7.7,7.2
帅客,东风,MPV,4.38,91800,68800,21,,0,"乘坐空间方便,外观漂亮,油耗满意,后排空间灵活",29,"乘坐空间方便,外观漂亮,油耗满意",25,,
大7 MPV,纳智捷,MPV,4.38,259800,169800,1,,0,乘坐空间比较满意,5,乘坐空间比较满意,5,11.5,11.5
伽途im6,福田乘用车,MPV,4.38,72900,61900,9,,0,"油耗满意,乘坐空间不错,外观帅气",13,"油耗满意,乘坐空间不错,外观帅气",13,7.8,7.8
睿行S50,长安轻型车,MPV,4.38,77900,48900,46,"隔音不太好,第二排座椅不能放倒",7,"乘坐空间满意,外观漂亮,油耗满意,转向精准,操控感非常好,前排座椅很舒适,外漆面很好,头部空间大,隔音不太好,转向手感很轻",113,"乘坐空间满意,外观漂亮,油耗满意",77,8.3,10.5
北汽幻速H3,北汽幻速,MPV,4.37,67800,55800,858,"隔音不好,起步动力肉,发动机噪音很大",75,"乘坐空间满意,车型配置高档,外观漂亮,倒车影像很实用,内饰造型满意,底盘蛮不错,倒车雷达很好,导航不错,隔音不好,储物空间很方便",1441,"乘坐空间满意,车型配置高档,外观漂亮",1170,8.5,9.4
宝骏360,宝骏,MPV,4.36,75800,56800,371,味道有些大,19,"乘坐空间充裕,油耗满意,乘坐空间满意,前排座椅舒适,转向精准,外观很漂亮,安全配置挺到位,味道有些大,内饰造型满意,转向手感很轻",413,"乘坐空间充裕,油耗满意,乘坐空间满意",272,7.1,7.7
宝骏730,宝骏,MPV,4.36,108800,60800,1213,"悬架减震偏硬,味道大,隔音不好",382,"乘坐空间满意,外观漂亮,油耗满意,安全配置齐全,悬架减震偏硬,味道大,内饰造型满意,隔音不好,转向手感很轻,前排座椅很舒服",2653,"乘坐空间满意,外观漂亮,油耗满意",1703,6.9,7.3
瑞风M4,江淮,MPV,4.34,164800,99800,88,"油耗不满意,发动机噪音有点大,起步动力略肉",40,"乘坐空间没得说,油耗不满意,外观漂亮,安全配置好了,中控台造型很时尚,悬架减震很舒服,操控感不错,发动机噪音有点大,隔音很好,起步动力略肉",187,"乘坐空间没得说,外观漂亮,安全配置好了",120,8.5,10.9
北汽昌河M70,北汽昌河,MPV,4.32,64900,54900,38,"悬架减震偏硬,起步动力比较肉,胎噪比较明显",12,"乘坐空间大,外观漂亮,操控很好,转向精准,内饰造型简约,转向灵活,后备厢空间大,后排空间宽敞,中控台造型上档次,大灯炯炯有神",102,"乘坐空间大,外观漂亮,操控很好",60,9.5,9.5
海马V70,海马,MPV,4.29,128900,78900,177,起步动力比较肉,3,"空间够大,外观大气,油耗低,外观漂亮,乘坐舒适,乘坐空间不错,乘坐空间满意,油耗能接受,油耗满意,隔音很好",55,"空间够大,外观大气,油耗低",25,9.3,8.6
奥德赛,本田,MPV,4.26,354800,229800,107,"隔音不行,储物空间不够,后备厢空间小",58,"乘坐空间满意,油耗满意,外观很漂亮,隔音不行,乘坐空间非常满意,功能配置合理,储物空间不够,后备厢空间小,悬架偏硬,胎噪音太大",273,"乘坐空间满意,油耗满意,外观很漂亮",155,9.8,9.7
比亚迪M6,比亚迪,MPV,4.25,153900,103900,168,"隔音差,发动机噪音比较大,眼镜盒关不上",26,"乘坐空间不错,外观漂亮,安全配置满意,油耗满意,隔音差,全景摄像头可圈可点,发动机噪音比较大,眼镜盒关不上,天窗太鸡肋,悬架减震偏硬",206,"乘坐空间不错,外观漂亮,安全配置满意",144,10.6,9.9
风行S500,东风风行,MPV,4.25,99900,59900,452,"后备厢空间太小,起步动力肉,悬架减震偏软",106,"乘坐空间不错,外观漂亮,安全配置丰富,油耗满意,后备厢空间太小,车内静音效果很好,转向精准,前排座椅舒适,起步动力肉,悬架减震偏软",784,"乘坐空间不错,外观漂亮,安全配置丰富",459,7.5,8.6
北汽威旺M60,北汽威旺,MPV,4.25,98800,66800,15,悬架减震比较软,3,"乘坐空间方便,导航好用,内饰造型挺满意,外形好看,悬架减震比较软",21,"乘坐空间方便,导航好用,内饰造型挺满意",15,,
艾力绅,本田,MPV,4.25,309800,249800,236,"悬架减震硬,后备厢空间太小,隔音差",80,"乘坐空间没得说,油耗满意,外观漂亮,悬架减震硬,后备厢空间太小,前排座椅舒适,隔音差,低配配置太低,导航垃圾,外漆面太薄",477,"乘坐空间没得说,油耗满意,外观漂亮",315,10.1,10.1
别克GL6,别克,MPV,4.24,168900,141900,66,"后备厢空间小,悬架减震偏软,发动机噪音有点大",108,"乘坐空间满意,外观时尚,油耗满意,安全配置很好,后备厢空间小,转向手感很轻,车内静音效果不错,转向精准,储物空间挺多,内饰造型很满意",847,"乘坐空间满意,外观时尚,油耗满意",467,9.3,9.3
伽途im8,福田乘用车,MPV,4.23,79900,70900,31,,0,"乘坐空间很满意,外观时尚,油耗满意,操控性好,储物空间充足,动力很强,中控屏满意,转向灵活,转向手感很轻,后排座椅调节方便",83,"乘坐空间很满意,外观时尚,油耗满意",53,,
北汽幻速H2V,北汽幻速,微面,4.56,39800,35800,57,"隔音不好,发动机噪音太大",6,"乘坐空间够用,外观满意,油耗挺不错,转向手感很轻,发动机噪音太大,后排空间很大,后备厢空间大,隔音不好,动力强劲",69,"乘坐空间够用,外观满意,油耗挺不错",50,8.6,8.6
北汽威旺M30,北汽威旺,微面,4.49,55800,44300,35,"味道有点大,导航不好用,后备厢空间小",11,"乘坐空间满意,安全配置不咋地,油耗满意,外观漂亮,转向快速,前排座椅比较舒服,中控屏灵敏,味道有点大,转向精确,操控轻松",114,"乘坐空间满意,安全配置不咋地,油耗满意",68,7,7
启腾EX80,福汽启腾,微面,4.46,60800,42900,11,,0,"外观漂亮,油耗满意",7,"外观漂亮,油耗满意",7,,
佳宝V77,一汽,微面,4.42,35900,30900,8,,0,"乘坐空间很满意,外观满意",8,"乘坐空间很满意,外观满意",8,7,6.6
欧诺,长安欧尚,微面,4.36,60900,39900,52,"悬架减震比较硬,隔音不好,刹车有点硬",21,"乘坐空间满意,油耗满意,外观漂亮,车子配置很齐全,转向精准,转向手感很轻,后排空间大,悬架减震比较硬,前排座椅很舒服,内饰造型比较满意",310,"乘坐空间满意,油耗满意,外观漂亮",211,9.1,9.1
小海狮X30,金杯,微面,4.34,46800,35000,98,"发动机噪音大,车内静音效果差,悬架减震硬",15,"乘坐空间挺足,外观漂亮,油耗满意,发动机噪音大,转向很好,转向手感很稳,车头比较圆润,座椅造型刚刚好,车内静音效果差,储物空间非常大",127,"乘坐空间挺足,外观漂亮,油耗满意",91,6.9,7.2
乐途,力帆汽车,微面,4.31,59800,35800,39,,0,"乘坐空间耐看,外观流畅,油耗满意",29,"乘坐空间耐看,外观流畅,油耗满意",29,7.6,7.6
海狮X30L,金杯,微面,4.31,58800,46800,96,发动机噪音太大,6,"乘坐空间满意,外观漂亮,油耗满意,内饰配置到位,前排座椅舒服,转向手感很轻,转向灵敏,操控棒,座椅材质舒适,倒车影像比较实用",244,"乘坐空间满意,外观漂亮,油耗满意",158,8.9,8.5
东风风光330,东风风光,微面,4.28,48900,36900,13,"油耗不满意,隔音不好,大灯太暗",28,"乘坐空间满意,油耗不满意,外观漂亮,转向手感很轻,隔音不好,离合器踏板太低,刹车有点软,大灯太暗,后排空间充裕,安全配置偏低",90,"乘坐空间满意,外观漂亮,转向手感很轻",50,7.9,7.9
北汽幻速H2,北汽幻速,微面,4.27,66800,39800,549,"油耗不低,车内静音效果不好,大灯不是很亮",126,"乘坐空间不错,车子配置讲究,外观漂亮,油耗不低,导航实用,倒车影像很方便,车内静音效果不好,转向手感很轻,倒车雷达比较好,转向很精准",918,"乘坐空间不错,车子配置讲究,外观漂亮",683,8.8,8.7
北汽威旺M20,北汽威旺,微面,4.25,41800,36800,18,隔音不好,4,"乘坐空间不错,外观漂亮,车子配置很齐全,车头犀利,高速油耗满意,隔音不好,转向精准,后备厢空间大,前排座椅舒服",60,"乘坐空间不错,外观漂亮,车子配置很齐全",38,8,8
伽途ix7,福田乘用车,微面,4.23,69900,53900,52,"内饰颜色单一,胎噪有点明显,加速动力比较肉",9,"乘坐空间满意,外观漂亮,功能配置比较高大,油耗满意,转向精准,前排座椅很舒服,储物空间非常满意,内饰造型明显,后排空间很大,隔音好",165,"乘坐空间满意,外观漂亮,功能配置比较高大",103,6.6,6.6
五菱宏光,五菱汽车,微面,4.22,69800,42800,516,"隔音不好,悬架减震偏硬,导航太简单",85,"乘坐空间满意,外观漂亮,安全配置多好,转向手感很轻,保养费用便宜,隔音不好,悬架减震偏硬,操控很好,高速油耗满意,前排座椅很舒服",656,"乘坐空间满意,外观漂亮,安全配置多好",443,7.4,7.6
北汽威旺306,北汽威旺,微面,4.21,46400,31800,18,油耗不满意,4,"乘坐空间不错,油耗不满意,外观比较大气",23,"乘坐空间不错,外观比较大气",19,5.8,6.4
长安之星9,长安欧尚,微面,4.1,56000,47800,20,,0,"乘坐空间没得说,油耗不错",18,"乘坐空间没得说,油耗不错",18,8.4,8.4
五菱荣光,五菱汽车,微面,4.08,47100,36800,248,"发动机噪音过大,转向很重,离合器踏板比较高",26,"乘坐空间真的很大,油耗满意,外观漂亮,音响效果不错,后排空间大,转向很重,发动机噪音过大,保养费用便宜,离合器踏板比较高,备胎不好",246,"乘坐空间真的很大,油耗满意,外观漂亮",185,7.8,7.7
伽途ix5,福田乘用车,微面,4.04,58900,41900,42,后排空间不够,3,"乘坐空间够用,外观漂亮,油耗满意,前排座椅舒适,转向精准,车内静音效果不错,转向手感很轻,大灯犀利,内饰做工不粗糙,储物空间大",127,"乘坐空间够用,外观漂亮,油耗满意",76,7.5,7.5
五菱之光,五菱汽车,微面,4.01,34900,30800,254,"悬架减震比较硬,发动机噪音过大,外漆面太薄",36,"乘坐空间够用,油耗满意,外观漂亮,保养费用便宜,悬架减震比较硬,发动机噪音过大,转向手感太沉,隔音不好,外漆面太薄,转向不满意",264,"油耗满意,乘坐空间够用,外观漂亮",181,7.1,7.1
长安之星3,长安欧尚,微面,3.99,39900,29900,43,"发动机噪音很大,起步动力肉",9,"乘坐空间够用,油耗满意,外观漂亮,保养费用便宜,大灯犀利,发动机噪音很大,高速油耗稳定,内饰做工不错,头部空间充足,起步动力肉",69,"乘坐空间够用,油耗满意,大灯犀利",37,6.8,7
优优2代,开瑞,微面,3.96,44000,34000,105,,0,"乘坐空间够用,油耗满意,外观漂亮",18,"乘坐空间够用,油耗满意,外观漂亮",18,7.8,8.6
佳宝V80,一汽,微面,3.88,53900,40900,38,,0,外观漂亮,5,外观漂亮,5,7.4,7.6
东风小康K07S,东风小康,微面,3.88,32900,28900,3,,0,乘坐空间没问题,3,乘坐空间没问题,3,6.6,6.6
佳宝V75,一汽,微面,3.88,30900,28900,8,,0,油耗满意,4,油耗满意,4,7,7
五菱之光V,五菱汽车,微面,3.76,36800,33800,19,安全配置缺失,3,"油耗满意,乘坐空间够用,外观流畅,安全配置缺失",22,"油耗满意,乘坐空间够用,外观流畅",19,6.6,6.6
五菱荣光V,五菱汽车,微面,3.75,46800,39800,4,油耗不满意,9,"油耗不满意,乘坐空间满意,首保免费,转向手感很轻",23,"乘坐空间满意,首保免费,转向手感很轻",14,,
丰顺,力帆汽车,微面,3.71,49380,32800,26,,0,"乘坐空间能装,油耗很少",15,"乘坐空间能装,油耗很少",15,,
佳宝V52,一汽,微面,3.67,29200,27200,45,,0,"油耗比较低,乘坐空间没的说",13,"油耗比较低,乘坐空间没的说",13,7.3,7.3
成功V1,成功汽车,微面,3.5,40000,32800,7,,0,空间很棒,4,空间很棒,4,6.5,6.5
长安V5,长安跨越,微面,3.05,46600,42800,9,,0,乘坐空间能装,5,乘坐空间能装,5,9,9
优劲,开瑞,微卡,4.88,46500,34500,15,,0,"乘坐空间能装,油耗满意,外观漂亮",16,"乘坐空间能装,油耗满意,外观漂亮",16,8.2,8.2
金杯T30,金杯,微卡,4.88,48100,35500,13,,0,乘坐空间比较满意,7,乘坐空间比较满意,7,,
神骐T20,长安轻型车,微卡,4.63,59700,33900,22,,0,"乘坐空间挺不错,油耗满意,外观很符合",18,"乘坐空间挺不错,油耗满意,外观很符合",18,,
东风小康C32,东风小康,微卡,4.5,42900,38900,1,,0,"油耗满意,显示屏不太容易,乘坐空间够用,倒车影像不太容易",19,"油耗满意,显示屏不太容易,倒车影像不太容易",16,8,8
金杯T52,金杯,微卡,4.5,53800,48800,15,,0,"乘坐空间满意,外观漂亮",10,"乘坐空间满意,外观漂亮",10,9.2,9.5
金杯T32,金杯,微卡,4.27,49200,38700,24,,0,"乘坐空间没话说,外观很漂亮",15,"乘坐空间没话说,外观很漂亮",15,7.7,8.5
长安星卡,长安欧尚,微卡,3.98,44800,32900,70,"外漆面有点薄,转向很沉,音响系统不行",14,"外观漂亮,乘坐空间完全够,油耗满意,前排座椅舒服,大灯不错,远程遥控有效,外漆面有点薄,转向很沉,后排空间大,音响系统不行",86,"外观漂亮,乘坐空间完全够,油耗满意",50,7.3,7.1
五菱之光小卡,五菱汽车,微卡,3.84,32900,29900,23,后排空间太小,3,"油耗满意,后排空间太小",9,油耗满意,6,7.5,7.5
五菱荣光小卡,五菱汽车,微卡,3.8,52800,34600,11,,0,"外观协调,乘坐空间不错",6,"外观协调,乘坐空间不错",6,7.3,7.3
上汽大通V80,上汽大通,轻客,4.88,1300000,135800,8,,0,"乘坐空间不错,油耗满意,外观漂亮",10,"乘坐空间不错,外观漂亮,油耗满意",10,,
睿行M80,长安轻型车,轻客,4.75,72000,56900,24,,0,"乘坐空间不错,外观经典",10,"乘坐空间不错,外观经典",10,,
睿行M70,长安轻型车,轻客,4.75,74000,60500,16,,0,"乘坐空间满意,油耗很不错",19,"乘坐空间满意,油耗很不错",19,,
特顺,江铃,轻客,4.66,142700,101300,64,"高速油耗不满意,味道有点重,刹车太软",19,"乘坐空间没问题,外观漂亮,乘坐空间够用,油耗满意,高速油耗不满意,转向精准,前排座椅很舒服,后备厢空间很大,味道有点重,底盘悬架很扎实",114,"乘坐空间没问题,外观漂亮,乘坐空间够用",60,8.9,8.9
图雅诺,福田,轻客,4.63,199800,109800,25,悬架减震硬,5,"乘坐空间很满意,油耗满意,外观漂亮,转向精准,悬架减震硬,储物空间很大,前排座椅舒适,后排空间充足",65,"乘坐空间很满意,外观漂亮,油耗满意",45,10.5,10.5
星锐,江淮,轻客,4.62,217800,109700,12,,0,"乘坐空间能装,外观漂亮,油耗低",14,"乘坐空间能装,外观漂亮,油耗低",14,14,14
蒙派克E,福田,轻客,4.62,98600,74600,11,,0,"乘坐空间给力,外观流畅,转向明确",19,"乘坐空间给力,外观流畅,转向明确",19,,
北汽幻速H6,北汽幻速,轻客,4.57,75800,59800,7,,0,"乘坐空间满意,外观很喜欢,储物空间丰富",14,"乘坐空间满意,外观很喜欢,储物空间丰富",14,8,8
新世代全顺,福特,轻客,4.49,241500,164500,12,,0,"油耗满意,乘坐空间满意,外观硬朗",18,"油耗满意,乘坐空间满意,外观硬朗",18,10.5,10.5
福田风景,福田,轻客,4.38,95200,56300,28,"车子配置实在太低,悬架减震比较硬,转向手感比较硬",9,"乘坐空间满意,油耗满意,外观时尚,车子动力强,内饰造型比较喜欢,储物空间都很大,操控性能很好,前排座椅很舒服,悬架减震比较硬,车子配置实在太低",82,"乘坐空间满意,油耗满意,外观时尚",56,8,10
全顺,福特,轻客,4.35,169900,126400,59,"车子配置不够高,悬架减震太硬了,起步动力有点肉",24,"乘坐空间足够,油耗满意,外观漂亮,车子配置不够高,储物空间大,悬架减震太硬了,操控不是很累,后排空间大,起步动力有点肉,转向精准",108,"乘坐空间足够,油耗满意,外观漂亮",58,9.6,9.6
御风,东风,轻客,4.26,226800,102800,5,,0,"乘坐空间非常不错,油耗满意",8,"乘坐空间非常不错,油耗满意",8,8.3,8.3
风景G9,福田,轻客,4.21,192800,97300,10,,0,"乘坐空间非常宽敞,乘坐空间满意",6,"乘坐空间满意,乘坐空间非常宽敞",6,11.5,11.5
金杯海狮,金杯,轻客,4.13,93800,61800,7,,0,"乘坐空间满意,外观经典",7,"乘坐空间满意,外观经典",7,,
依维柯褒迪Power Daily,依维柯,轻客,3.97,317900,139900,7,,0,"乘坐空间很给力,转向手感不错,外观挺霸气",13,"乘坐空间很给力,外观挺霸气,转向手感不错",13,10,10
瑞风,江淮,轻客,3.83,105800,99900,23,隔音不好,3,"乘坐空间舒适,外观圆润,隔音不好",21,"乘坐空间舒适,外观圆润",18,11.5,11.5
风景G7,福田,轻客,3.75,99800,65500,5,,0,"油耗满意,乘坐空间满意",8,"油耗满意,乘坐空间满意",8,,
金旅海狮,金旅,轻客,3.68,89800,65900,15,,0,乘坐空间给力,5,乘坐空间给力,5,11.5,11.5
阁瑞斯,金杯,轻客,3.51,277800,79800,12,油耗高,3,"乘坐空间方便,油耗高",14,乘坐空间方便,11,12,12
依维柯得意,依维柯,轻客,3.49,191900,114900,13,,0,乘坐空间足够,9,乘坐空间足够,9,10.4,10.4
拓陆者,福田,低端皮卡,4.88,189800,80800,3,,0,"油耗满意,乘坐空间舒适,外观霸气",12,"油耗满意,乘坐空间舒适,外观霸气",12,8.5,8.5
江淮V7,江淮,低端皮卡,4.88,83800,71800,5,,0,"外观帅气,油耗满意",7,"外观帅气,油耗满意",7,,
黄海N3,黄海,低端皮卡,4.69,160800,111800,7,油耗不低,4,"外观霸气,乘坐空间没的说,油耗不低",15,"外观霸气,乘坐空间没的说",11,11,11
D-MAX,五十铃,低端皮卡,4.62,219800,144800,81,"悬架减震偏硬,外漆面不厚,内饰材质硬",19,"油耗满意,乘坐空间不错,外观霸气,储物空间很多,外观漂亮,后排空间很大,车子操控挺不错,乘坐空间满意,转向精准,发动机噪音不是很吵",222,"油耗满意,乘坐空间不错,外观霸气",129,8.9,8.9
瑞迈,五十铃,低端皮卡,4.62,125800,84800,44,内饰塑料感很强,4,"乘坐空间非常宽敞,外观霸气,油耗挺不错,油耗很不错,储物空间很大,内饰塑料感很强,前排头部空间比较充裕,操控很人性化,转向很精准,大灯炯炯有神",78,"乘坐空间非常宽敞,外观霸气,油耗挺不错",50,8.1,8.1
领主,中兴,低端皮卡,4.61,167800,83800,10,"外漆面太软,味道太大,悬架减震太硬",9,"外观霸气,乘坐空间足够,油耗满意,储物空间很多,外漆面太软,味道太大,悬架减震太硬",29,"外观霸气,乘坐空间足够,油耗满意",17,11,8.3
域虎7,江铃,低端皮卡,4.61,176300,116800,31,内饰造型不够人性化,3,"外观霸气,乘坐空间不错,油耗满意,前排空间充足,后排空间不拥挤,整车配置值得入手,内饰造型不够人性化",50,"外观霸气,乘坐空间不错,油耗满意",35,9.1,8.1
铃拓,五十铃,低端皮卡,4.56,148800,116800,44,,0,"外观霸气,乘坐空间很充裕,油耗满意,后排空间大,储物空间挺多,内饰造型比较满意,转向比较轻巧,乘坐空间比较宽敞,换挡清晰,底盘悬架扎实",86,"外观霸气,乘坐空间很充裕,油耗满意",49,6.8,6.8
帅铃T6,江淮,低端皮卡,4.55,127800,75800,97,,0,"油耗满意,乘坐空间不错,外观漂亮,底盘扎实,后排空间很大,隔音好,转向手感很轻松,前排座椅很舒适,动力满意,操控轻松",191,"油耗满意,乘坐空间不错,外观漂亮",129,8.4,8.4
雄师F22,福迪,低端皮卡,4.53,151800,77800,83,"悬架减震有点偏硬,刹车有点软",7,"外观霸气,乘坐空间很舒适,油耗满意,乘坐空间够用,转向很轻松,悬架减震有点偏硬,后排空间大,刹车有点软,外观很喜欢,底盘悬架扎实",94,"外观霸气,乘坐空间很舒适,油耗满意",68,7.5,7.5
上汽大通T60,上汽大通,低端皮卡,4.49,213800,83800,57,"发动机噪音明显,起步动力肉,车身材质非常薄",10,"外观霸气,乘坐空间比较满意,油耗满意,乘坐空间很满意,储物空间超强,转向比较精准,车子动力非常不错,内饰造型顺手,后排空间大,后排空间满意",151,"外观霸气,乘坐空间比较满意,油耗满意",95,11.8,11
帅铃T8,江淮,低端皮卡,4.42,130800,99800,17,,0,外观霸气,3,外观霸气,3,7.2,7.2
御风P16,东风,低端皮卡,4.34,151800,81800,5,,0,"乘坐空间还不错,油耗满意,外观稳重",13,"乘坐空间还不错,油耗满意,外观稳重",13,7.6,7.6
纳瓦拉,日产,低端皮卡,4.29,187800,139800,32,"座椅材质不是真皮,音响想吐槽",7,"乘坐空间够用,外观霸气,油耗满意,前排空间够大,后排空间大,大灯很亮,座椅材质不是真皮,前排座椅舒适,悬架减震舒适,音响想吐槽",68,"乘坐空间够用,外观霸气,油耗满意",40,11,11.9
风骏6,长城,低端皮卡,4.27,117800,86800,42,"后排空间小,转向不准,转向太大",17,"外观霸气,乘坐空间够用,后排空间小,内饰造型满意,前排空间大,悬架舒适,转向太大,转向不准,储物空间少,离合器踏板很重",79,"外观霸气,乘坐空间够用,内饰造型满意",43,8.7,12
神骐F30,长安轻型车,低端皮卡,4.25,61200,47600,70,,0,"油耗还算可以,中控台造型还算可以,乘坐空间给力,外观漂亮,刹车很灵敏",44,"油耗还算可以,中控台造型还算可以,乘坐空间给力",37,8.5,8.5
风骏5,长城,低端皮卡,4.22,112800,68800,29,"后排空间有点小了,外漆面有点薄",7,"油耗满意,外观精致,乘坐空间不错,后排空间有点小了,保养费用免费,外漆面有点薄",37,"油耗满意,外观精致,乘坐空间不错",27,7.7,12.1
日产D22,日产,低端皮卡,4.07,188800,138800,33,"后排空间太小,高速油耗不是很省,头部空间比较小",24,"后排空间太小,乘坐空间比较合适,外观霸气,转向比较精准,高速油耗不是很省,前排空间很舒适,头部空间比较小,转向手感有些沉,内饰造型比较简约,储物空间小",68,"外观霸气,乘坐空间比较合适,转向比较精准",27,11,12
五十铃皮卡,五十铃,低端皮卡,3.99,140800,92800,44,后排空间窄,3,"油耗满意,前排空间不错,后排空间窄",16,"油耗满意,前排空间不错",13,8.5,8.3
萨普,福田,低端皮卡,3.72,99850,58800,14,后排空间太小了,3,"乘坐空间满意,后排空间太小了",6,乘坐空间满意,3,6.5,6.5
大柴神,黄海,低端皮卡,3.31,129800,62800,29,,0,"外观霸气,乘坐空间舒适",7,"外观霸气,乘坐空间舒适",7,7.7,8
起亚KX3,起亚,小型SUV,4.88,132800,109800,3,"悬架减震偏硬,胎噪比较大,起步动力肉",16,"油耗满意,乘坐空间不错,外观漂亮,悬架减震偏硬,胎噪比较大,安全配置不赖,高速油耗满意,首保免费,起步动力肉",62,"油耗满意,乘坐空间不错,外观漂亮",32,,
U5 SUV,纳智捷,小型SUV,4.88,99800,75800,11,"味道很大,悬架偏硬,起步动力有点肉",11,"油耗满意,乘坐空间很满意,外观时尚,车子配置推荐,后备厢空间大,后排空间很大,转向精准,储物空间更大,前排空间很大,倒车影像安全",114,"油耗满意,乘坐空间很满意,外观时尚",66,,
瑞风S4,江淮,小型SUV,4.75,98800,67800,74,,0,"保养费用免费,油耗低,油耗满意",21,"保养费用免费,油耗低,油耗满意",21,8.3,7.7
瑞虎3xe,奇瑞,小型SUV,4.72,106800,93800,20,"悬架减震偏硬,后排空间小点",6,"乘坐空间不错,外观比较耐看,后备厢空间大,车内静音效果不错,转向手感很轻,车子操控可圈可点,乘坐空间够用,悬架减震偏硬,续航里程特别实在,后排空间小点",53,"乘坐空间不错,外观比较耐看,后备厢空间大",26,14.5,14.5
云度π3,云度,小型SUV,4.71,204800,184800,9,,0,外观精致,3,外观精致,3,,
哈弗H2,哈弗,小型SUV,4.71,113000,74900,394,"后备厢空间偏小,起步动力肉,风噪有点大",93,"安全配置非常实用,油耗满意,乘坐空间不错,外观霸气,转向比较精准,乘坐空间足够,外观漂亮,后备厢空间偏小,内饰造型满意,头部空间大",1068,"安全配置非常实用,油耗满意,乘坐空间不错",502,7.5,7.9
缤越,吉利汽车,小型SUV,4.69,118800,78800,202,"悬架减震偏硬,后备厢空间小了点,方向盘有点异响",14,"油耗低,外观漂亮,乘坐空间够用,悬架减震偏硬,车内静音效果很好,乘坐空间不错,后备厢空间小了点,乘坐空间够用了,方向盘有点异响,油耗能接受",61,"油耗低,外观漂亮,乘坐空间够用",30,8.7,8.7
陆风X2,陆风,小型SUV,4.67,88800,63800,57,"后备厢空间有点小,悬架减震偏硬,导航稍微小了点",17,"外观时尚,油耗满意,功能配置丰富,乘坐空间富裕,后备厢空间有点小,乘坐空间不错,内饰造型很满意,转向手感很轻松,转向很精准,转向手感很轻",103,"外观时尚,油耗满意,功能配置丰富",51,7.4,11.4
昂科拉,别克,小型SUV,4.66,189900,139900,198,"后备厢空间有点小,后排空间有点小,起步动力肉",85,"外观满意,乘坐空间可以的,转向手感很轻,安全配置很好,后备厢空间有点小,车内静音效果很不错,后排空间有点小,内饰造型满意,底盘稳,操控比较灵活",461,"外观满意,乘坐空间可以的,安全配置很好",227,6.6,8.8
猎豹CS9,猎豹汽车,小型SUV,4.65,129800,76800,208,"悬架减震偏软,悬架减震有点硬,起步动力肉",34,"乘坐空间不错,外观满意,整车配置霸气,乘坐空间够用,内饰造型满意,外观漂亮,操控性能不错,后备厢空间很大,转向手感很轻,中控屏相当霸气",415,"乘坐空间不错,外观满意,整车配置霸气",225,7.8,9.2
远景X3,吉利汽车,小型SUV,4.64,67900,50900,977,"后备厢空间有点小,后排空间有点小,esp不是标配",371,"外观漂亮,安全配置多一些,乘坐空间够用,后备厢空间有点小,内饰造型很满意,转向手感很轻,前排座椅很舒服,转向精准,操控感不错,车内静音效果不错",2352,"外观漂亮,安全配置多一些,乘坐空间够用",1340,7.1,7.9
远景X1,吉利汽车,小型SUV,4.63,57900,39900,334,"后排空间小,后备厢空间有点小,后备厢空间很小",150,"外观时尚,油耗满意,车子配置很高,乘坐空间够用,转向手感很轻,中控屏喜欢,后排空间小,前排空间够用,后备厢空间有点小,前排座椅很舒服",1004,"外观时尚,油耗满意,车子配置很高",516,6.3,7.2
元,比亚迪,小型SUV,4.63,99900,59900,356,"后备厢空间比较小,悬架减震偏硬,味道有点大",109,"外观很漂亮,乘坐空间不错,油耗满意,内饰配置挺方便,转向精准,内饰造型很好,操控简洁,转向手感很轻,后备厢空间比较小,悬架减震偏硬",1078,"外观很漂亮,乘坐空间不错,油耗满意",599,8.1,8.1
创酷,雪佛兰,小型SUV,4.63,149900,99900,79,"胎噪有点大,车内静音效果不太好,后备厢空间小了点",29,"油耗满意,乘坐空间够用,外观漂亮,车子配置很满意,储物空间超赞,操控性能很好,转向精准,转向手感很轻,前排空间大,胎噪有点大",227,"油耗满意,乘坐空间够用,外观漂亮",127,7.7,7.8
北京现代ix25,现代,小型SUV,4.63,152800,109800,194,"起步动力肉,悬架减震有点硬,味道大",54,"乘坐空间不错,外观很漂亮,车子配置非常高,起步动力肉,后备厢空间大,安全配置比较高,转向精准,后排空间比较宽敞,转向手感很轻松,转向手感很轻",369,"乘坐空间不错,外观很漂亮,车子配置非常高",205,7.8,6.5
奔腾X40,奔腾,小型SUV,4.63,96800,66800,74,"悬架减震偏硬,胎噪有点大,起步动力有点肉",75,"乘坐空间不错,油耗满意,外观时尚,安全配置很好,后备厢空间很大,大灯犀利,后排空间很大,前排座椅很舒服,转向手感很轻,转向灵活",851,"油耗满意,乘坐空间不错,外观时尚",479,7.8,8.8
EX系列,北汽新能源,小型SUV,4.62,98900,79900,54,"后备厢空间不足,胎噪太大,前排座椅有点硬",13,"乘坐空间方便,乘坐空间基本满意,外观很漂亮,后备厢空间不足,充电桩高,内饰造型还好,大灯很炫,头部空间合适,转向手感很稳,胎噪太大",68,"乘坐空间方便,外观很漂亮,乘坐空间基本满意",38,13.5,13.5
哈弗H2s,哈弗,小型SUV,4.6,103000,70000,205,"储物空间太小,后备厢空间小,胎噪比较大",50,"内饰配置丰富,外观很漂亮,油耗满意,内饰造型比较精美,转向精准,底盘好,储物空间太小,后备厢空间小,头部空间大,转向很好",388,"内饰配置丰富,外观很漂亮,油耗满意",234,7.8,7.7
奕泽IZOA,丰田,小型SUV,4.59,179800,149800,927,"后排空间有些小,悬架有点硬,后备厢空间有些小",54,"外观时尚,油耗满意,乘坐空间够用,内饰配置提高了,转向手感快,前排空间比较宽敞,后排空间有些小,内饰造型精致,操控性能很好,转向挺轻",436,"外观时尚,油耗满意,乘坐空间够用",229,8.3,8.3
中华V3,中华,小型SUV,4.59,102700,65700,712,"悬架减震有点硬,起步动力肉,悬架减震有点硬",199,"乘坐空间够用,外观时尚,油耗满意,车子配置很满意,悬架减震有点硬,转向手感很轻,转向精准,后备厢空间大,中控屏很喜欢,内饰造型比较满意",2189,"乘坐空间够用,外观时尚,油耗满意",1247,7.6,7.9
柯米克,斯柯达,小型SUV,4.59,130900,109900,245,"起步动力有点肉,内饰造型不满意,内饰塑料感太强",35,"乘坐空间不错,油耗满意,外观时尚,后备厢空间很大,转向精准,转向手感比较轻,油耗低,储物空间比较多,前排座椅很舒服,起步动力有点肉",395,"乘坐空间不错,油耗满意,外观时尚",231,6.8,7.2
东南DX3新能源,东南,小型SUV,4.58,191500,171500,13,,0,"乘坐空间基本够用,外观靓丽,后备厢空间很不错",19,"乘坐空间基本够用,外观靓丽,后备厢空间很不错",19,17.9,17.9
北汽昌河Q35,北汽昌河,小型SUV,4.58,89900,65900,335,"悬架减震偏硬,起步动力有点肉,味道大",131,"乘坐空间不错,外观漂亮,油耗满意,安全配置比较齐全,转向精准,悬架减震偏硬,内饰造型挺好看,后备厢空间很大,转向手感很轻,操控很好",1087,"乘坐空间不错,外观漂亮,油耗满意",614,7.6,9.3
传祺GE3,广汽新能源,小型SUV,4.58,246500,212800,102,"续航里程有待提高,悬架减震偏硬,悬架减震较硬",44,"外观漂亮,乘坐空间很满意,乘坐空间很不错,悬架减震偏硬,续航里程有待提高,低配配置合理,后备厢空间很大,悬架减震较硬,转向手感很轻,大灯爽",172,"外观漂亮,乘坐空间很满意,乘坐空间很不错",81,18.2,17.4
英致G3,潍柴英致,小型SUV,4.58,80800,56900,26,后备厢空间偏小,6,"乘坐空间足够,油耗满意,外观流畅,后备厢空间偏小,后排空间很大,转向手感很灵活,前排座椅很舒服",57,"乘坐空间足够,油耗满意,外观流畅",37,7.5,7.5
东风风神AX4,东风风神,小型SUV,4.57,101800,66800,126,"后备厢空间有点小,悬架减震偏硬,中控屏失灵",47,"油耗满意,外观时尚,乘坐空间够用,安全配置很高,后备厢空间有点小,转向手感很轻,音响效果非常好,后排空间大,转向精准,前排座椅很舒服",334,"油耗满意,外观时尚,乘坐空间够用",176,8.2,6.5
元新能源,比亚迪,小型SUV,4.55,99900,79900,522,"电耗比较高,后备厢空间小,后排空间稍局促",144,"乘坐空间够用,外观时尚,转向手感很轻,电耗比较高,后备厢空间小,转向精准,操控比较轻松,充电方便,前排座椅舒服,内饰低调",664,"乘坐空间够用,外观时尚,转向手感很轻",382,18.3,17.4
东南DX3,东南,小型SUV,4.52,105900,67900,577,"起步动力有点肉,隔音不好,味道比较大",161,"乘坐空间不错,外观漂亮,油耗满意,车子配置非常丰富,转向手感很轻,后排空间大,内饰造型很满意,后备厢空间很大,转向精准,悬架减震很舒适",1915,"乘坐空间不错,外观漂亮,油耗满意",1143,7.7,7.8
凯翼X3,凯翼,小型SUV,4.51,96900,58900,73,"后排空间略小,隔音不好,起步动力肉",26,"外观漂亮,乘坐空间不错,后排空间略小,隔音不好,内饰造型非常好看,后备厢空间大,储物空间比较多,前排空间不错,起步动力肉,转向手感挺轻",124,"外观漂亮,乘坐空间不错,内饰造型非常好看",65,7.4,9.3
雪铁龙C3-XR,雪铁龙,小型SUV,4.5,171800,108800,68,"后备厢空间有点小,起步动力比较肉,胎噪明显",26,"乘坐空间够用,油耗满意,外观漂亮,功能配置出奇好用,后备厢空间有点小,转向手感很轻,转向精准,操控很稳,起步动力比较肉,方向盘无虚位",171,"乘坐空间够用,油耗满意,外观漂亮",101,8.1,7.8
自由侠,Jeep,小型SUV,4.5,190800,134800,49,"起步动力有点肉,后备厢空间有点小,风噪太大",14,"乘坐空间不错,外观时尚,前排空间挺大,头部空间大,外观个性,起步动力有点肉,后备厢空间有点小,乘坐空间够用,音响效果不错,加速动力非常不错",74,"乘坐空间不错,外观时尚,外观个性",39,8.9,9.9
北汽昌河Q25,北汽昌河,小型SUV,4.5,75900,55900,141,"悬架减震偏硬,后备厢空间太小了,起步动力有些肉",59,"乘坐空间够用,外观漂亮,油耗满意,功能配置齐全,悬架减震偏硬,操控比较灵活,内饰造型比较时尚,后备厢空间太小了,转向精准,转向手感比较轻",406,"乘坐空间够用,外观漂亮,油耗满意",229,7.1,7.3
丰田C-HR,丰田,小型SUV,4.49,183800,144800,231,"后备厢空间不大,座椅材质不是真皮",15,"油耗稳定,被动安全配置丰富,操控平顺,转向稳定,后备厢空间不大,前排座椅舒适,外观漂亮,中控台造型新颖,外观炫酷,座椅材质不是真皮",142,"油耗稳定,被动安全配置丰富,操控平顺",92,8.1,8.1
森雅R7,一汽,小型SUV,4.48,106900,66900,126,"悬架减震偏硬,胎噪比较明显,车内静音效果不是很好",60,"乘坐空间够用,油耗满意,外观漂亮,内饰配置挺好的,转向精准,悬架减震偏硬,转向手感很轻,胎噪比较明显,后排空间大,车内静音效果不是很好",438,"乘坐空间够用,油耗满意,外观漂亮",256,7.3,7.8
长安CS15EV,长安,小型SUV,4.48,89900,79900,12,,0,乘坐空间足够,4,乘坐空间足够,4,14.5,14.5
长安CS35 PLUS,长安,小型SUV,4.46,104900,69900,133,,0,"油耗低,外观大气,方向盘很轻,悬架比较舒适,悬架偏舒适",26,"油耗低,外观大气,悬架比较舒适",20,8.1,7.6
猎豹CS9新能源,猎豹汽车,小型SUV,4.46,215800,195800,10,电耗较大,3,"乘坐空间不错,后排空间挺宽敞,电耗较大",13,"乘坐空间不错,后排空间挺宽敞",10,9.8,9.8
瑞虎3x,奇瑞,小型SUV,4.44,62900,49900,104,"悬架减震有点硬,悬架减震有点硬,车内静音效果不好",45,"乘坐空间够用,油耗满意,外观时尚,车子配置非常丰富,转向精准,转向手感很轻,安全配置物超所值,悬架减震有点硬,内饰造型满意,底盘有优势",374,"乘坐空间够用,油耗满意,外观时尚",225,7.3,8.2
骁途,铃木,小型SUV,4.44,159800,99800,145,"胎噪比较大,悬架减震偏硬,外漆面很薄",56,"油耗满意,安全配置齐全,乘坐空间够用,外观很喜欢,转向精准,悬架减震偏硬,胎噪比较大,味道不大,后排空间大,操控自如",463,"油耗满意,安全配置齐全,乘坐空间够用",290,7.6,6
长安CS35,长安,小型SUV,4.43,92900,68900,273,"后备厢空间小,悬架减震偏硬,胎噪有点大",255,"乘坐空间不错,后备厢空间小,外观时尚,整车配置满意,悬架减震偏硬,内饰造型满意,转向精准,胎噪有点大,后排空间大,操控很好",828,"乘坐空间不错,外观时尚,整车配置满意",407,6.2,7.9
宝骏510,宝骏,小型SUV,4.43,77800,54800,1841,"后备厢空间有点小,味道大,悬架减震偏硬",1049,"油耗满意,乘坐空间够用,外观漂亮,安全配置齐全,后备厢空间有点小,味道大,转向手感很轻,悬架减震偏硬,内饰造型满意,车内静音效果不错",5799,"油耗满意,乘坐空间够用,外观漂亮",3086,6.4,6.9
传祺GS3,广汽传祺,小型SUV,4.42,116800,73800,258,"悬架减震偏硬,起步动力肉,悬架减震偏硬",84,"乘坐空间够用,外观漂亮,悬架减震偏硬,转向精准,内饰配置很实用,内饰造型满意,转向手感很轻,起步动力肉,后备厢空间够用,车尾灯很漂亮",478,"乘坐空间够用,外观漂亮,转向精准",274,8.1,7.3
劲客,日产,小型SUV,4.41,137300,99800,154,"悬架减震偏硬,外漆面很薄,扶手箱太小",23,"油耗满意,乘坐空间不错,后备厢空间大,外观时尚,转向很精准,被动安全配置很实用,悬架减震偏硬,转向手感很轻,外漆面很薄,扶手箱太小",162,"油耗满意,乘坐空间不错,后备厢空间大",92,5.5,6.7
众泰T300,众泰,小型SUV,4.41,93800,56800,197,"悬架减震偏硬,起步动力有点肉,导航垃圾",73,"乘坐空间不错,内饰配置无可挑剔,外观时尚,油耗满意,悬架减震偏硬,后排空间大,转向手感很轻,车内静音效果不错,转向精准,操控轻松",577,"乘坐空间不错,内饰配置无可挑剔,外观时尚",325,7.3,6.6
骏派D60,一汽,小型SUV,4.4,89900,56900,41,"悬架减震有点硬,起步动力肉,后备厢空间小",21,"油耗满意,乘坐空间不错,外观漂亮,悬架减震有点硬,转向精准,后备厢空间小,起步动力肉,操控轻松,前排座椅很舒适,后排空间大",121,"油耗满意,乘坐空间不错,外观漂亮",79,6.8,7.5
东风风神AX3,东风风神,小型SUV,4.38,87900,63900,11,,0,"油耗满意,乘坐空间非常满意",8,"油耗满意,乘坐空间非常满意",8,9.1,9.1
名爵ZS,名爵,小型SUV,4.37,115800,73800,1188,"悬架减震有点硬,味道比较大,胎噪有点大",650,"乘坐空间不错,外观漂亮,油耗满意,安全配置齐全,后备厢空间很大,悬架减震有点硬,转向手感很轻,转向精准,内饰造型很满意,后排空间很大",6951,"乘坐空间不错,外观漂亮,油耗满意",4178,6.7,8
奕跑,起亚,小型SUV,4.36,79800,69800,37,,0,油耗低,6,油耗低,6,7.2,7.2
绅宝X25,北汽绅宝,小型SUV,4.35,75800,55800,566,"悬架减震偏硬,后备厢空间有点小,导航没有问题不大",170,"外观漂亮,乘坐空间不错,油耗满意,安全配置到位,悬架减震偏硬,后备厢空间有点小,内饰造型满意,导航没有问题不大,转向精准,起步动力肉",857,"外观漂亮,乘坐空间不错,油耗满意",517,7.4,8.8
瑞风S3,江淮,小型SUV,4.35,88800,62800,2149,"悬架减震偏硬,胎噪有点大,起步动力有点肉",64,"油耗满意,乘坐空间不错,外观漂亮,安全配置齐全,内饰造型满意,悬架减震偏硬,后备厢空间大,高速油耗满意,转向手感很轻,转向精准",521,"油耗满意,乘坐空间不错,外观漂亮",301,7.7,9
天逸 C5 AIRCROSS,雪铁龙,紧凑型SUV,4.75,236700,152700,37,"起步动力有点肉,大灯不满意,头灯没有不满",35,"乘坐空间不错,外观时尚,油耗满意,安全配置很全,转向手感很轻,隔音很好,后排空间很大,后备厢空间很大,内饰造型满意,储物空间大",941,"乘坐空间不错,外观时尚,油耗满意",503,10.5,9.3
传祺GS4新能源,广汽新能源,紧凑型SUV,4.69,219800,196800,74,"悬架减震偏软,电耗不准确,续航里程不足",21,"外观时尚,乘坐空间不拥挤,转向手感很轻,乘坐空间满意,转向精准,悬架减震偏软,后排空间基本满意,大灯很有感觉,加速动力不错,内饰硬朗",157,"外观时尚,乘坐空间不拥挤,转向手感很轻",87,7.5,20.6
英菲尼迪QX30,英菲尼迪,紧凑型SUV,4.68,363800,232800,20,"后排空间小,储物空间小,胎噪有点明显",22,"外观时尚,油耗满意,转向手感比较轻,后排空间小,操控棒,前排座椅舒服,外观流畅,储物空间小,内饰做工很好,后备厢空间挺大",117,"外观时尚,油耗满意,转向手感比较轻",60,7.8,7.8
荣威RX3,荣威,紧凑型SUV,4.67,135800,89800,2304,"悬架减震有点硬,隔音不好,味道大",778,"乘坐空间不错,油耗满意,外观漂亮,安全配置齐全,悬架减震有点硬,转向手感很轻,后备厢空间很大,隔音不好,味道大,内饰造型比较满意",5495,"乘坐空间不错,油耗满意,外观漂亮",3193,7,6.8
荣威RX5,荣威,紧凑型SUV,4.66,188800,99800,2939,"悬架减震有点硬,隔音不好,味道大",1288,"乘坐空间满意,油耗满意,外观漂亮,安全配置齐全,悬架减震有点硬,后备厢空间很大,转向手感很轻,后排空间大,隔音不好,转向精准",7971,"乘坐空间满意,油耗满意,外观漂亮",4579,7.5,7.5
瑞风S7,江淮,紧凑型SUV,4.66,173800,97800,467,"悬架减震偏硬,市区油耗有点吓人,起步动力有点肉",51,"乘坐空间大,外观漂亮,内饰配置很丰富,后备厢空间大,转向精准,隔音好,后排空间很大,加速动力很强,内饰造型满意,操控感很好",913,"乘坐空间大,外观漂亮,内饰配置很丰富",546,9.5,10.7
Mattu,猎豹汽车,紧凑型SUV,4.66,158800,116800,128,"起步动力有点肉,悬架偏硬",9,"外观霸气,乘坐空间很满意,内饰造型非常精致,前排座椅很舒适,转向手感很轻,起步动力有点肉,操控不错了,中控台造型很漂亮,悬架偏硬",92,"外观霸气,乘坐空间很满意,内饰造型非常精致",64,9.5,9.9
东南DX7,东南,紧凑型SUV,4.66,149900,89900,124,"起步动力有点肉,悬架减震有点硬,味道比较大",29,"乘坐空间大,外观漂亮,安全配置齐全,后备厢空间很大,后排空间大,内饰造型很满意,乘坐空间没话说,前排座椅很舒服,转向手感很轻,操控性能不错",360,"乘坐空间大,外观漂亮,安全配置齐全",211,14.2,9.4
WEY VV5,WEY,紧凑型SUV,4.66,173000,129800,1585,"后备厢空间小,悬架减震偏硬,储物空间小",933,"外观霸气,安全配置丰富,乘坐空间够用,油耗满意,后备厢空间小,车内静音效果不错,悬架减震偏硬,音响效果很棒,加速动力十足,内饰造型很满意",4797,"外观霸气,安全配置丰富,乘坐空间够用",2339,9.7,9.6
奕歌,三菱,紧凑型SUV,4.66,185800,129800,31,,0,油耗低,3,油耗低,3,7.4,7.4
SWM斯威X3,SWM斯威汽车,紧凑型SUV,4.66,82900,55000,23,,0,"油耗满意,乘坐空间不错,外观霸气,功能配置非常给力",30,"油耗满意,乘坐空间不错,外观霸气",26,7.5,7.5
翼虎,福特,紧凑型SUV,4.66,249800,169800,82,"油耗不低,味道大,悬架偏硬",64,"乘坐空间够用,油耗不低,外观漂亮,转向精准,安全配置,隔音比较好,安全配置很齐全,后备厢空间大,加速动力特别强,味道大",253,"乘坐空间够用,外观漂亮,转向精准",119,9.5,11.2
马自达CX-4,马自达,紧凑型SUV,4.65,215800,140800,4320,"后排空间小,车内静音效果不是很好,悬架减震偏硬",1436,"外观漂亮,油耗满意,乘坐空间够用,车子配置很高,后排空间小,后备厢空间很大,操控很棒,转向精准,转向手感很轻,前排空间不错",9225,"外观漂亮,油耗满意,乘坐空间够用",4819,7.8,8.1
观致5,观致,紧凑型SUV,4.65,194900,139900,185,"换挡滞后,导航不好用,中控屏报警",20,"油耗满意,外观漂亮,乘坐空间不错,转向精准,外观满意,高速油耗满意,乘坐空间够用,后备厢空间很大,储物空间很多,隔音不错",198,"油耗满意,外观漂亮,乘坐空间不错",116,9.7,9.7
领克02,领克,紧凑型SUV,4.65,192800,122800,372,"后备厢空间略小,悬架硬,全景摄像头有问题",57,"外观犀利,乘坐空间足够用,安全配置特别高级,油耗满意,转向手感很轻,内饰造型温馨,内饰材质软,后备厢空间略小,转向精准,操控非常自如",557,"外观犀利,安全配置特别高级,乘坐空间足够用",279,9,9.2
欧蓝德,三菱,紧凑型SUV,4.65,225800,159800,1021,"悬架偏硬,储物空间太少了,外漆面比较薄",186,"乘坐空间满意,油耗满意,安全配置舒适,外观时尚,后备厢空间大,转向精准,车内静音效果不错,操控自如,后排空间大,定速巡航好用",2568,"乘坐空间满意,油耗满意,安全配置舒适",1433,8.6,9.5
东风风神AX7,东风风神,紧凑型SUV,4.64,131800,89800,347,"起步动力比较肉,悬架减震有点硬,悬架减震偏硬",55,"油耗满意,外观霸气,乘坐空间满意,安全配置齐全,乘坐空间不错,后备厢空间很大,转向精准,后排空间大,前排座椅舒适,储物空间够用",753,"油耗满意,外观霸气,乘坐空间满意",380,8.6,8.5
北汽幻速S5,北汽幻速,紧凑型SUV,4.64,85800,59800,242,"起步动力肉,储物空间太小,悬架减震有点硬",103,"乘坐空间没得说,外观漂亮,安全配置丰富,油耗满意,后备厢空间很大,起步动力肉,后排空间很大,转向手感很轻,储物空间太小,车内静音效果非常好",841,"乘坐空间没得说,外观漂亮,安全配置丰富",469,7.2,7.8
宝骏530,宝骏,紧凑型SUV,4.64,115800,75800,529,"起步动力有点肉,味道比较大,全景摄像头有点失望",80,"乘坐空间满意,外观霸气,油耗满意,内饰配置挺喜欢,车内静音效果很好,后排空间大,后备厢空间很大,转向手感很轻,音响非常喜欢,内饰造型满意",1753,"乘坐空间满意,外观霸气,油耗满意",1034,7.1,8.4
WEY VV6,WEY,紧凑型SUV,4.64,175000,148000,218,后备厢空间有点小,3,"油耗低,外观大气,前排座椅舒服,前排座椅舒适,前排座椅很舒服,乘坐舒适,空间够大,方向盘很轻,车内静音效果不错,空间很好",62,"油耗低,外观大气,前排座椅舒服",32,10,10
陆风逍遥,陆风,紧凑型SUV,4.64,121900,76900,25,,0,"外观丰富,乘坐空间满意,转向手感较轻",25,"外观丰富,乘坐空间满意,转向手感较轻",25,8.8,8
祺智PHEV,广汽集团,紧凑型SUV,4.63,219800,209800,16,,0,"乘坐空间不错,加速动力挺不错,用电安全",17,"乘坐空间不错,加速动力挺不错,用电安全",17,6.2,16.9
DS 7,DS,紧凑型SUV,4.63,309900,208900,48,,0,"乘坐空间足够,外观合适,外观漂亮,油耗满意,乘坐空间实用,后排空间充足,前排座椅舒适,悬架舒适,大灯赞,转向准确",91,"乘坐空间足够,外观合适,外观漂亮",42,8.2,8.2
劲炫ASX,三菱,紧凑型SUV,4.63,149800,114800,316,"后备厢空间小,起步动力有点肉,悬架偏硬",76,"乘坐空间够用,油耗满意,外观时尚,车子配置十分齐全,转向精准,后备厢空间小,操控感十足,转向手感很轻,底盘很厚重,中控屏给力",561,"乘坐空间够用,油耗满意,外观时尚",300,7.3,8.6
景逸X3,东风风行,紧凑型SUV,4.63,86900,66900,10,,0,"乘坐空间没得说,油耗比较低,转向手感舒服,外观方便",22,"乘坐空间没得说,油耗比较低,转向手感舒服",19,7.2,7.2
猎豹CS10,猎豹汽车,紧凑型SUV,4.62,146800,89800,520,"悬架减震有点硬,起步动力肉,刹车有点软",193,"乘坐空间满意,外观漂亮,安全配置丰富,悬架减震有点硬,后备厢空间大,转向精准,后排空间大,内饰造型比较满意,转向手感很轻,起步动力肉",1279,"乘坐空间满意,外观漂亮,安全配置丰富",815,8.7,9.7
奔腾X80,奔腾,紧凑型SUV,4.62,147800,99800,517,"油耗不满意,悬架减震偏硬,胎噪有点大",328,"乘坐空间满意,外观漂亮,安全配置很放心,油耗不满意,后备厢空间很大,转向精准,悬架减震偏硬,操控性能非常好,加速动力十足,储物空间非常多",1596,"乘坐空间满意,外观漂亮,安全配置很放心",883,11.3,9.8
欧尚X70A,长安欧尚,紧凑型SUV,4.62,85900,49900,155,"离合器踏板太高,备胎比较麻烦,隔音不是很好",16,"乘坐空间满意,外观霸气,功能配置,油耗满意,油耗能接受,储物空间足够,转向灵活,后备厢空间灵活,中控屏很流畅,内饰造型纯平",321,"乘坐空间满意,外观霸气,功能配置",214,7.4,7.4
开瑞K60,开瑞,紧凑型SUV,4.61,81800,58800,89,"味道有点重,悬架偏硬,后备厢空间稍小",17,"乘坐空间很够用,油耗满意,外观不错,味道有点重,乘坐空间不错,中控台造型蛮有科技感,悬架偏硬,转向手感很轻,行驶稳定性挺稳,后备厢空间稍小",110,"乘坐空间很够用,油耗满意,外观不错",73,,
RAV4荣放,丰田,紧凑型SUV,4.61,269800,179800,4009,"悬架减震偏硬,隔音不好,味道大",1060,"乘坐空间满意,油耗满意,外观时尚,安全配置齐全,悬架减震偏硬,后排空间大,后备厢空间很大,转向手感很轻,转向精准,全景摄像头很实用",10244,"乘坐空间满意,油耗满意,外观时尚",6001,8.6,10
森雅R9,一汽,紧凑型SUV,4.61,125900,83900,114,,0,"乘坐空间不拥挤,油耗满意,外观漂亮,车子配置很高,油耗低,转向精准,转向手感很轻,乘坐空间足够,外观大气",53,"乘坐空间不拥挤,外观漂亮,油耗满意",28,6.8,7.7
凯迪拉克XT4,凯迪拉克,紧凑型SUV,4.6,399700,259700,315,"悬架减震偏硬,悬架减震偏软,后排空间有点小",10,"油耗低,方向盘很轻,换挡平顺,外观时尚,乘坐空间够用,乘坐空间不错,外观最满意,车内静音效果不错,外观线条硬朗,外观大气",93,"油耗低,方向盘很轻,换挡平顺",51,10.2,10.2
景逸X6,东风风行,紧凑型SUV,4.6,109900,84900,126,"起步动力肉,导航有点不厚道,第三排空间略小",28,"乘坐空间不错,外观时尚,油耗满意,功能配置比较齐全,车内静音效果非常好,转向精准,内饰造型挺满意,悬架减震比较舒适,前排座椅挺舒服,高速油耗满意",386,"乘坐空间不错,外观时尚,油耗满意",249,8.3,8.9
汉腾X5,汉腾汽车,紧凑型SUV,4.6,106800,59800,119,"油耗不满意,悬架减震偏硬,内饰颜色太不耐脏",44,"安全配置非常好,外观时尚,乘坐空间足够用,油耗不满意,后备厢空间大,悬架减震偏硬,转向手感很轻,后排空间大,操控挺稳,大灯很亮",217,"安全配置非常好,外观时尚,乘坐空间足够用",118,8,9.7
奇骏,日产,紧凑型SUV,4.6,271300,188800,116,"起步动力有点肉,外漆面有点薄,味道大",82,"油耗满意,乘坐空间满意,外观漂亮,乘坐空间不错,安全配置满意,前排座椅舒适,后备厢空间大,起步动力有点肉,高速油耗满意,保养费用免费",658,"油耗满意,乘坐空间满意,外观漂亮",335,8.4,9.2
长安CS55,长安,紧凑型SUV,4.6,133900,84900,134,"起步动力有点肉,胎噪有点大,外漆面有点薄",68,"油耗满意,乘坐空间够用,外观漂亮,后备厢空间很大,安全配置很齐全,转向精准,转向手感很轻,悬架舒适,安全配置齐全,加速动力很明显",903,"油耗满意,乘坐空间够用,外观漂亮",580,7.6,8.2
讴歌CDX,讴歌,紧凑型SUV,4.6,367800,229800,276,"后备厢空间略小,自动大灯不纠结,外漆面很薄",107,"乘坐空间足够,外观漂亮,油耗满意,后备厢空间略小,储物空间很多,隔音好,内饰造型满意,前排座椅舒适,功能配置丰富,转向精准",712,"乘坐空间足够,外观漂亮,油耗满意",396,8.6,6.1
驭胜S330,驭胜,紧凑型SUV,4.59,139600,88000,575,"后备厢空间略小,胎噪有点大,味道挺大",159,"乘坐空间满意,外观时尚,安全配置比较厚道,转向精准,转向手感很轻,后排空间大,后备厢空间略小,车内静音效果不错,内饰造型很满意,储物空间很大",1557,"乘坐空间满意,外观时尚,安全配置比较厚道",972,7.9,9.4
北京现代ix35,现代,紧凑型SUV,4.59,161900,119900,402,"悬架减震偏硬,悬架减震偏硬,隔音不算好",140,"乘坐空间不错,外观硬朗,油耗满意,内饰配置丰富,后备厢空间大,转向手感很轻,悬架减震偏硬,悬架减震偏硬,储物空间比较丰富,转向很精准",1129,"乘坐空间不错,外观硬朗,油耗满意",663,9,8.8
宝沃BX5,宝沃,紧凑型SUV,4.59,219800,123800,279,"后备厢空间偏小,定速巡航很少,发动机噪音很大",90,"乘坐空间不错,外观漂亮,油耗满意,安全配置很满意,车内静音效果很好,后备厢空间偏小,转向手感很轻,转向精准,内饰造型很满意,悬架舒适",893,"乘坐空间不错,外观漂亮,油耗满意",485,8.4,10
柯珞克,斯柯达,紧凑型SUV,4.59,185900,139900,129,"悬架减震偏硬,电子手刹麻烦,低配配置太简陋了",28,"外观漂亮,油耗满意,乘坐空间满意,乘坐空间大,后备厢空间很大,转向精准,前排座椅漂亮,悬架减震偏硬,储物空间挺多,转向手感很轻",318,"外观漂亮,油耗满意,乘坐空间满意",183,7.6,7.6
博越,吉利汽车,紧凑型SUV,4.59,161800,98800,904,"后备厢空间有点小,储物空间太少,市区油耗不低",404,"乘坐空间不错,外观漂亮,安全配置丰富,后备厢空间有点小,车内静音效果很好,内饰造型满意,转向精准,转向手感很轻,后排空间大,高速油耗满意",3368,"乘坐空间不错,外观漂亮,安全配置丰富",2030,7.9,9.7
Tiguan,大众,紧凑型SUV,4.59,359800,245800,36,"悬架减震偏硬,后备厢空间略小,音响很一般",28,"乘坐空间足够,油耗满意,车子配置比较高,悬架减震偏硬,外观时尚,后排空间不挤,后备厢空间略小,转向精准,操控足够,底盘悬架扎实",139,"乘坐空间足够,油耗满意,车子配置比较高",73,7.2,9.7
传祺GS5,广汽传祺,紧凑型SUV,4.59,169800,109800,155,"油耗有点高,起步动力肉",7,"空间够大,空间宽敞,油耗有点高,外观漂亮,方向盘很轻,起步动力肉,乘坐空间非常满意,外观耐看,外观大气",30,"空间宽敞,空间够大,外观漂亮",11,9.9,9.9
启辰T70,启辰,紧凑型SUV,4.59,127800,89800,203,"油耗有些略高,隔音不好,悬架减震有些硬",111,"乘坐空间不错,油耗有些略高,外观漂亮,转向手感很轻,隔音不好,转向很精准,悬架减震有些硬,后备厢空间大,内饰差,味道严重",394,"乘坐空间不错,外观漂亮,转向手感很轻",206,8.6,8
风行T5,东风风行,紧凑型SUV,4.59,135900,84900,64,,0,"油耗低,外观大气",9,"油耗低,外观大气",9,8.2,9.2
中华V6,中华,紧凑型SUV,4.58,141900,87900,619,"悬架减震有点硬,味道挺大,悬架减震有点硬",114,"乘坐空间满意,外观霸气,油耗满意,车子配置比较高,后备厢空间很大,转向精准,转向手感很轻,中控屏很喜欢,后排空间很大,车内静音效果不错",2108,"乘坐空间满意,外观霸气,油耗满意",1215,8.6,8.8
领克01,领克,紧凑型SUV,4.58,220800,158800,1076,"储物空间太少了,悬架偏硬,胎噪有点大",278,"油耗满意,乘坐空间够用,外观时尚,安全配置非常高,转向精准,内饰造型满意,储物空间太少了,后备厢空间够用,转向手感很轻,音响很棒",2803,"油耗满意,乘坐空间够用,外观时尚",1527,9.1,8.4
野马T80,野马汽车,紧凑型SUV,4.58,129800,89800,61,"悬架减震很软,起步动力肉",12,"乘坐空间满意,外观霸气,油耗满意,车子配置比较全,后备厢空间大,内饰造型满意,转向精准,后排空间很大,悬架减震很软,储物空间很多",200,"乘坐空间满意,外观霸气,油耗满意",117,8.5,8.6
科雷嘉,雷诺,紧凑型SUV,4.57,208800,139800,308,"胎噪有点大,起步动力肉,后排空间小",88,"外观漂亮,乘坐空间够用,油耗满意,安全配置足够,转向精准,转向手感很轻,胎噪有点大,储物空间够用,起步动力肉,后排空间小",831,"外观漂亮,乘坐空间够用,油耗满意",504,9,8.9
比亚迪S6,比亚迪,中型SUV,4.75,136900,89900,1,隔音不好,3,"乘坐空间满意,安全配置一应俱全,高速油耗满意,隔音不好",26,"乘坐空间满意,安全配置一应俱全,高速油耗满意",23,,
捷途X70,捷途,中型SUV,4.69,120900,69900,299,,0,"油耗低,方向盘很轻,外观大气,外观漂亮",21,"油耗低,方向盘很轻,外观大气",18,8.4,9.7
大指挥官,Jeep,中型SUV,4.68,409800,279800,208,"后备厢空间少的可怜,内饰材质不行",8,"乘坐空间没问题,外观霸气,油耗满意,转向精准,后排空间很大,前排座椅很舒适,后备厢空间少的可怜,内饰造型很喜欢,操控自如,内饰材质不行",86,"乘坐空间没问题,外观霸气,油耗满意",52,9.8,9.8
指挥官,Jeep,中型SUV,4.68,315800,259800,34,,0,"油耗低,外观霸气",7,"油耗低,外观霸气",7,9.8,9.8
讴歌RDX(进口),讴歌,中型SUV,4.68,459800,399800,13,,0,"乘坐空间充裕,外观时尚",6,"乘坐空间充裕,外观时尚",6,11,11
奔驰GLC(进口),奔驰,中型SUV,4.65,594800,463800,4,,0,乘坐空间够用,3,乘坐空间够用,3,10.7,10
唐新能源,比亚迪,中型SUV,4.65,329900,239900,704,"悬架减震偏软,胎噪有点大,发动机噪音略大",79,"乘坐空间没的说,车子配置很高,内饰造型很满意,电耗不错,后备厢空间大,转向手感很轻,转向精准,加速动力很平稳,隔音非常不错,操控性能很不错",1212,"乘坐空间没的说,车子配置很高,内饰造型很满意",667,,
君马SEEK 5(赛克5),君马汽车,中型SUV,4.65,128900,77900,48,,0,"外观大气,油耗低",9,"外观大气,油耗低",9,,
起亚KX7,起亚,中型SUV,4.65,276800,179800,68,"悬架减震有点偏硬,味道不满,起步动力肉",20,"乘坐空间很满意,外观霸气,转向手感很轻,转向精准,车内静音效果不错,加速动力很强烈,后备厢空间巨大,悬架减震有点偏硬,前排座椅舒服,后排空间不小",165,"乘坐空间很满意,外观霸气,转向手感很轻",94,,
欧尚COS1°(科赛),欧尚汽车,中型SUV,4.65,145800,93800,82,,0,"油耗低,外观大气,油耗很满意,前排座椅很舒服",25,"油耗低,外观大气,油耗很满意",22,,
讴歌RDX,讴歌,中型SUV,4.64,438000,328000,13,,0,前排座椅很舒服,3,前排座椅很舒服,3,,
金杯S70,金杯,中型SUV,4.64,113800,79800,101,"悬架减震偏硬,隔音不行,味道比较大",39,"乘坐空间满意,外观漂亮,油耗满意,车子配置很满意,后备厢空间大,操控平顺,转向精准,后排空间大,内饰造型很满意,加速动力十足",378,"乘坐空间满意,外观漂亮,油耗满意",204,,
瑞虎8,奇瑞,中型SUV,4.64,142800,98800,387,"悬架偏硬,胎噪太大,起步动力很肉",62,"乘坐空间很满意,油耗满意,外观漂亮,后备厢空间很大,转向精准,前排座椅舒适,后排空间超大,悬架偏硬,内饰造型全新,胎噪太大",605,"乘坐空间很满意,油耗满意,外观漂亮",395,,
自由光,Jeep,中型SUV,4.64,319800,185800,452,"后排空间偏小,烧机油,悬架减震偏硬",104,"乘坐空间不错,外观漂亮,安全配置很好,转向精准,操控非常灵活,后备厢空间很大,隔音效果好,外观很漂亮,内饰造型很满意,后排空间偏小",1046,"乘坐空间不错,外观漂亮,安全配置很好",557,,
中华V7,中华,中型SUV,4.64,194700,108700,747,"味道大,发动机噪音比较大,胎噪比较大",76,"乘坐空间非常满意,外观漂亮,油耗还算可以,后备厢空间非常大,转向精准,操控很棒,内饰造型时尚,加速动力十足,后排空间大,转向手感很轻",1554,"乘坐空间非常满意,外观漂亮,油耗还算可以",956,,
SWM斯威X7,SWM斯威汽车,中型SUV,4.63,118900,85900,791,"悬架减震有点硬,味道有点大,发动机噪音有点大",73,"乘坐空间满意,外观霸气,车子配置非常高,油耗满意,中控屏喜欢,全景摄像头很实用,倒车影像很实用,转向精准,转向手感很轻,后排空间大",1643,"乘坐空间满意,外观霸气,车子配置非常高",989,,
途达,日产,中型SUV,4.63,245800,169800,131,"乘坐空间合适,转向手感很不适应,中控屏太小了",66,"外观霸气,乘坐空间合适,油耗能接受,后备厢空间大,后备厢空间很大,后排空间宽敞,转向手感很不适应,油耗低,隔音不错,操控感很不错",226,"外观霸气,油耗能接受,后备厢空间大",114,,
唐,比亚迪,中型SUV,4.62,169900,129900,389,"油耗不满意,起步动力肉,胎噪偏大",158,"乘坐空间不错,外观美,油耗不满意,转向手感很轻,转向精准,隔音很优秀,后排空间大,内饰造型满意,车尾灯很有档次感,加速动力不肉",749,"乘坐空间不错,外观美,转向手感很轻",415,,
mu-X牧游侠,五十铃,中型SUV,4.62,284800,178800,57,"转向手感有点硬,起步动力比较肉,隔音不满意",13,"油耗满意,乘坐空间大,外观出色,乘坐空间很足,后备厢空间实用,转向精准,储物空间实用,外漆面挺厚,后备厢空间巨大,底盘很顺利",130,"油耗满意,乘坐空间大,外观出色",76,,
探界者,雪佛兰,中型SUV,4.61,250900,174900,2492,"胎噪有点大,悬架偏硬,起步动力有点肉",502,"乘坐空间不错,外观霸气,油耗满意,车子配置很丰富,后备厢空间很大,后排空间大,转向精准,操控比较灵活,储物空间很多,转向手感很轻",7126,"乘坐空间不错,外观霸气,油耗满意",4091,,
WEY P8,WEY,中型SUV,4.61,279800,259800,48,后备厢空间小,10,"后备厢空间小,外观上档次,乘坐空间足够,后排空间很大,内饰造型比较满意,乘坐舒适",35,"外观上档次,乘坐空间足够,后排空间很大",19,,
启辰T90,启辰,中型SUV,4.6,154800,109800,158,"胎噪有点大,加速动力有点肉,内饰造型廉价",19,"乘坐空间满意,油耗满意,外观漂亮,乘坐空间很不错,油耗理想,后备厢空间大,安全配置齐全,前排座椅很舒服,外观帅气,转向精准",264,"乘坐空间满意,油耗满意,外观漂亮",164,,
众泰T600,众泰,中型SUV,4.6,142800,79800,474,"悬架减震有点硬,起步动力有点肉,味道大",133,"乘坐空间满意,外观霸气,油耗满意,功能配置齐全,后备厢空间很大,转向精准,悬架减震有点硬,内饰造型很满意,前排座椅很舒服,后排空间大",1520,"乘坐空间满意,外观霸气,油耗满意",903,,
牧马人,Jeep,中型SUV,4.6,549900,429900,108,"风噪太大,悬架减震硬,杯架很鸡肋",20,"外观霸气,油耗满意,乘坐空间够用,头部空间大,乘坐空间足够,转向手感较轻,后备厢空间够用,音响不错,内饰造型复古,加速动力后劲十足",226,"外观霸气,油耗满意,乘坐空间够用",118,,
英菲尼迪QX50,英菲尼迪,中型SUV,4.59,489800,339800,182,胎噪比较大,8,"乘坐空间够用,按键外观比较符合人体工程学,油耗满意,前排座椅舒适,转向手感很轻,转向精准,后备厢空间够用,后排空间很大,内饰材质很好,大灯有神",337,"乘坐空间够用,按键外观比较符合人体工程学,油耗满意",189,,
昂科威,别克,中型SUV,4.58,319900,219900,1042,"悬架减震有点硬,味道有点重,起步动力有点肉",219,"乘坐空间不错,外观霸气,安全配置,车内静音效果很好,内饰造型豪华,后排空间大,转向手感很轻,转向精准,操控感很好,储物空间很多",2467,"乘坐空间不错,外观霸气,安全配置",1416,,
撼路者,福特,中型SUV,4.58,368800,265500,304,"倒车影像选配,安全带硬,倒车影像太麻烦",20,"乘坐空间不错,外观霸气,功能配置较全,后备厢空间大,转向精准,车内静音效果不错,转向手感很轻,操控感很不错,底盘扎实,储物空间挺大",809,"乘坐空间不错,外观霸气,功能配置较全",475,,
傲虎,斯巴鲁,中型SUV,4.58,310800,270800,10,,0,"乘坐空间很平整,油耗不错,定速巡航很好用,四驱系统低调",18,"乘坐空间很平整,油耗不错,定速巡航很好用",15,,
揽胜星脉,路虎,中型SUV,4.57,998000,588000,28,"乘坐空间小,油耗不准,油耗不会低",15,"外观流畅,乘坐空间小,后备厢空间很大,转向手感很轻,油耗不准,操控非常棒,内饰造型豪华,转向沉稳,油耗不会低",57,"外观流畅,后备厢空间很大,转向手感很轻",32,,
哈弗H7,哈弗,中型SUV,4.57,180000,152000,99,"储物空间少,悬架偏硬,导航垃圾",101,"乘坐空间不错,外观霸气,功能配置丰富,后备厢空间很大,加速动力十足,储物空间少,隔音不错,操控感还不错,转向手感很轻,转向精准",1048,"乘坐空间不错,外观霸气,功能配置丰富",688,,
柯迪亚克,斯柯达,中型SUV,4.56,269900,189800,259,"悬架减震偏硬,悬架减震偏硬,内饰塑料感强",78,"乘坐空间不错,外观漂亮,油耗满意,车型配置丰富,转向精准,储物空间比较大,悬架减震偏硬,后备厢空间大,悬架减震偏硬,内饰造型简约",709,"乘坐空间不错,外观漂亮,油耗满意",424,,
WEY VV7,WEY,中型SUV,4.54,188800,169800,1975,"后备厢空间有点小,储物空间少,导航不好用",1049,"乘坐空间没得说,外观霸气,安全配置齐全,油耗满意,后备厢空间有点小,车内静音效果很好,后排空间大,内饰造型很满意,转向手感很轻,前排座椅很舒服",7262,"乘坐空间没得说,外观霸气,安全配置齐全",3698,,
冠道,本田,中型SUV,4.53,329800,220000,637,"起步动力有点肉,自动大灯比较遗憾,发动机噪音偏大",202,"乘坐空间无敌,油耗满意,外观霸气,后排空间大,安全配置很好,隔音不错,储物空间很多,内饰造型豪华,转向精准,起步动力有点肉",2030,"乘坐空间无敌,油耗满意,外观霸气",1152,,
本田UR-V,本田,中型SUV,4.52,329800,246800,308,"起步动力有点肉,倒车雷达简配,音响效果差",120,"乘坐空间无敌,外观时尚,油耗满意,安全配置很贴心,后排空间大,隔音好,起步动力有点肉,转向精准,后备厢空间够用,储物空间很多",922,"乘坐空间无敌,外观时尚,油耗满意",527,,
五菱宏光S3,五菱汽车,中型SUV,4.52,81800,56800,172,"起步动力肉,味道大,导航有点说不过去",44,"乘坐空间大,油耗满意,外观霸气,安全配置齐全,底盘挺好,乘坐空间不错,转向精准,储物空间大,转向手感很轻,内饰造型很满意",470,"乘坐空间大,油耗满意,外观霸气",263,,
楼兰,日产,中型SUV,4.52,379800,238800,170,"后备厢空间小,储物空间太少,悬架减震有点硬",93,"乘坐空间够用,油耗满意,外观时尚,后备厢空间小,转向手感很轻,前排座椅舒服,高速油耗满意,储物空间太少,隔音好,音响效果很好",536,"乘坐空间够用,油耗满意,外观时尚",308,,
凯迪拉克XT5,凯迪拉克,中型SUV,4.52,539900,359900,918,"悬架减震偏硬,底盘有点低,起步动力有点肉",115,"乘坐空间不错,外观霸气,油耗满意,车型配置比较厚道,车内静音效果很好,后备厢空间很大,转向手感很轻,后排空间很大,转向精准,操控感不错",2922,"乘坐空间不错,外观霸气,油耗满意",1546,,
奥迪Q5L,奥迪,中型SUV,4.51,517000,392800,40,,0,"外观圆润,油耗低,油耗满意,方向盘很轻,底盘悬架扎实,乘坐空间满意,空间够大,空间宽敞",44,"外观圆润,油耗低,油耗满意",28,,
锐界,福特,中型SUV,4.51,429800,229800,219,"油耗不满意,油耗不低,悬架减震偏硬",117,"功能配置实用,外观霸气,乘坐空间满意,乘坐空间不错,隔音不错,油耗不满意,油耗不低,后备厢空间巨大,转向精准,转向手感适当",598,"功能配置实用,外观霸气,乘坐空间满意",276,,
君马S70,君马汽车,中型SUV,4.51,115900,81900,76,"后悬架偏硬,胎噪有点大",8,"外观时尚,乘坐空间足够,整车配置丰富,油耗满意,乘坐空间不用说,内饰做工细腻,转向手感很轻,转向精准,操控棒,后悬架偏硬",145,"外观时尚,乘坐空间足够,整车配置丰富",82,,
宝沃BX7,宝沃,中型SUV,4.51,326800,169800,33,,0,"乘坐空间大,内饰造型赞,外观很流畅,乘坐空间满意,后排空间都很大,后备厢空间大,外观硬朗",30,"乘坐空间大,外观很流畅,内饰造型赞",17,,
标致5008,标致,中型SUV,4.5,279700,187700,351,"备胎选配,起步动力肉,悬架减震偏硬",121,"乘坐空间够用,油耗满意,外观漂亮,安全配置,操控非常棒,内饰造型满意,转向精准,后排空间很大,后备厢空间大,转向手感很轻",1060,"乘坐空间够用,油耗满意,外观漂亮",602,,
北汽幻速S7,北汽幻速,中型SUV,4.49,115800,78800,74,"储物空间太少,起步动力肉,导航有点不靠谱",17,"乘坐空间没话说,外观霸气,乘坐空间灵活,转向手感挺轻,悬架舒适,储物空间太少,转向精准,起步动力肉,内饰造型漂亮,前排座椅挺舒适",149,"乘坐空间没话说,外观霸气,乘坐空间灵活",100,,
英致G5,潍柴英致,中型SUV,4.48,85800,59800,18,隔音差,4,"乘坐空间不错,油耗满意,外观不错,大灯犀利,隔音差,转向手感灵活,后排空间大",44,"乘坐空间不错,油耗满意,外观不错",30,,
东风风光580,东风风光,中型SUV,4.47,123000,80900,212,"油耗不低,悬架减震太硬,外漆面有点薄",129,"乘坐空间满意,外观漂亮,油耗不低,车子配置多好,悬架减震太硬,外漆面有点薄,起步动力有点肉,后备厢空间大,储物空间比较满意,高速油耗满意",487,"乘坐空间满意,外观漂亮,车子配置多好",280,,
汉兰达,丰田,中型SUV,4.47,422800,239800,532,"车型配置太低,外漆面太薄,起步动力有点肉",272,"乘坐空间满意,外观霸气,车型配置太低,储物空间大,隔音好,悬架减震舒适,外漆面太薄,操控还不错,起步动力有点肉,扶手箱大",1361,"乘坐空间满意,外观霸气,储物空间大",796,,
传祺GS8,广汽传祺,中型SUV,4.46,259800,163800,807,"悬架减震偏硬,导航关不了,音响差",186,"乘坐空间很满意,外观霸气,安全配置很放心,转向手感很轻,大灯犀利,储物空间很多,转向精准,悬架减震偏硬,内饰造型满意,隔音不错",1660,"乘坐空间很满意,外观霸气,安全配置很放心",1144,,
探岳,大众,中型SUV,4.46,319800,188800,36,悬架减震偏硬,3,"油耗低,外观大气,外观漂亮,悬架减震偏硬",18,"油耗低,外观大气,外观漂亮",15,,
比亚迪S7,比亚迪,中型SUV,4.45,139900,99900,120,"油耗不满意,悬架减震偏硬,起步动力肉",66,"乘坐空间满意,车子配置比较好,油耗不满意,外观霸气,悬架减震偏硬,隔音好,转向精准,高速油耗满意,后备厢空间超大,全景摄像头很方便",298,"乘坐空间满意,车子配置比较好,外观霸气",158,,
沃尔沃XC60,沃尔沃,中型SUV,4.45,479900,369900,433,"悬架减震偏硬,起步动力肉,悬架减震偏硬",73,"外观漂亮,乘坐空间够用,安全配置丰富,转向手感很轻,转向精准,车内静音效果很好,味道很小,前排座椅很舒服,自动驾驶不错,后备厢空间大",857,"外观漂亮,乘坐空间够用,安全配置丰富",495,,
马自达CX-8,马自达,中大型SUV,4.69,330800,258800,10,,0,"保养费用免费,油耗低",6,"保养费用免费,油耗低",6,,
普拉多,丰田,中大型SUV,4.68,615800,443800,662,"悬架减震比较硬,味道很大,起步动力有点肉",113,"乘坐空间非常不错,外观霸气,油耗满意,安全配置比较好,四驱系统完美,后排空间比较宽敞,后备厢空间大,底盘很好,操控顺手,悬架减震比较硬",1461,"乘坐空间非常不错,外观霸气,油耗满意",982,,
英菲尼迪QX60,英菲尼迪,中大型SUV,4.66,582800,488800,191,"味道很大,导航鸡肋,味道很重",30,"乘坐空间足够,油耗满意,外观霸气,功能配置完善,转向精准,外观漂亮,内饰造型豪华,操控不错,后备厢空间很大,车内静音效果不错",581,"乘坐空间足够,油耗满意,外观霸气",351,,
哈弗H9,哈弗,中大型SUV,4.64,272800,219800,350,"导航垃圾,储物空间少,转向手感太重",83,"油耗满意,外观霸气,乘坐空间没的说,乘坐空间够用,内饰配置足够,功能配置丰富,隔音好,后备厢空间很大,导航垃圾,储物空间少",648,"油耗满意,外观霸气,乘坐空间没的说",312,,
上汽大通D90,上汽大通,中大型SUV,4.63,266900,156700,187,"起步动力比较肉,悬架偏硬,座椅做工不满意",39,"乘坐空间大,外观霸气,内饰配置很好,储物空间非常满意,转向手感很轻,内饰造型满意,转向精准,车内静音效果不错,前排座椅很舒服,操控很棒",503,"乘坐空间大,外观霸气,内饰配置很好",331,,
途锐,大众,中大型SUV,4.63,836800,636800,6,,0,"外观厚重,油耗能接受,乘坐空间足够,后备厢空间很大,储物空间充足",25,"外观厚重,油耗能接受,乘坐空间足够",18,,
讴歌MDX,讴歌,中大型SUV,4.63,848000,698000,4,,0,油耗满意,3,油耗满意,3,,
沃尔沃XC90,沃尔沃,中大型SUV,4.62,866800,643800,10,"悬架减震有点硬,储物空间太小",7,"外观霸气,乘坐空间合适,油耗满意,乘坐空间完全够用,悬架减震有点硬,后备厢空间很大,储物空间太小",39,"外观霸气,乘坐空间合适,油耗满意",23,,
长安CS95,长安,中大型SUV,4.6,229800,159800,405,"市区油耗不低,外漆面偏软,风噪有点大",60,"乘坐空间没的说,外观霸气,安全配置丰富,操控轻松,转向精准,储物空间很多,隔音好,转向手感很轻,前排座椅舒适,保养费用免费",975,"乘坐空间没的说,外观霸气,安全配置丰富",581,,
林肯MKX,林肯,中大型SUV,4.59,618800,418800,28,"油耗不满意,油耗不算低",19,"外观霸气,乘坐空间够用,乘坐空间足够,隔音好,油耗不满意,车型配置很高,油耗不算低,车尾灯拉风,音响不错,后备厢空间大",108,"外观霸气,乘坐空间够用,乘坐空间足够",50,,
宝马X5,宝马,中大型SUV,4.56,994900,699900,36,,0,"乘坐空间够用,外观霸气,转向精准,乘坐空间足够,油耗满意,加速动力十足,悬架减震舒服,操控性能优异,路感反馈清晰,后备厢空间大",74,"乘坐空间够用,外观霸气,转向精准",36,,
荣威RX8,荣威,中大型SUV,4.56,251800,168800,1056,"味道大,风噪较大,轮胎噪音比较大",66,"乘坐空间满意,外观很霸气,油耗能接受,被动安全配置舒适,内饰造型很实用,后备厢空间大,前排座椅很舒服,转向精准,隔音很好,味道大",1181,"乘坐空间满意,外观很霸气,油耗能接受",740,,
哈弗H8,哈弗,中大型SUV,4.56,231800,183800,111,"储物空间太少,转向手感太重,悬架减震偏硬",63,"乘坐空间没的说,油耗满意,外观霸气,安全配置齐全,储物空间太少,车内静音效果不错,后备厢空间大,定速巡航很好用,转向手感太重,悬架减震偏硬",391,"乘坐空间没的说,油耗满意,外观霸气",208,,
众泰T700,众泰,中大型SUV,4.56,155800,106800,393,"油耗不满意,悬架减震硬,起步动力肉",261,"乘坐空间没得说,外观霸气,内饰配置丰富,油耗不满意,隔音不错,悬架减震硬,后备厢空间很大,内饰造型很满意,储物空间比较丰富,后排空间大",1400,"乘坐空间没得说,外观霸气,内饰配置丰富",810,,
奥迪Q7,奥迪,中大型SUV,4.54,984800,699800,57,"音响一般般,味道大,储物空间不多",18,"乘坐空间满意,转向手感很轻,乘坐空间没问题,外观漂亮,隔音好,整车配置帅,油耗能接受,后备厢空间非常大,油耗满意,音响一般般",152,"乘坐空间满意,转向手感很轻,乘坐空间没问题",62,,
途昂,大众,中大型SUV,4.54,518900,308900,901,"悬架减震偏硬,起步动力有点肉,悬架减震偏硬",195,"乘坐空间满意,外观霸气,功能配置齐全,转向手感很轻,转向精准,车内静音效果不错,悬架减震偏硬,操控比较灵活,储物空间很多,后备厢空间大",2263,"乘坐空间满意,外观霸气,功能配置齐全",1506,,
揽胜运动版,路虎,中大型SUV,4.51,1888000,928000,17,"起步动力肉,油耗不满意,悬架减震很硬",14,"外观霸气,起步动力肉,油耗不满意,乘坐空间足够,悬架减震很硬,中控屏很好用",30,"外观霸气,中控屏很好用,乘坐空间足够",16,,
探险者,福特,中大型SUV,4.5,606800,422800,110,"味道挺重,悬架减震偏硬,远光灯不亮",27,"乘坐空间不错,外观霸气,油耗满意,车内静音效果不错,后备厢空间大,味道挺重,悬架减震偏硬,定速巡航完美,前排座椅很舒服,座椅按摩很舒服",234,"乘坐空间不错,外观霸气,油耗满意",155,,
奔驰GLE,奔驰,中大型SUV,4.49,1389800,711800,4,,0,"外观霸气,隔音效果好,乘坐空间够用",12,"外观霸气,隔音效果好,乘坐空间够用",12,,
雷克萨斯RX,雷克萨斯,中大型SUV,4.45,810000,390000,399,"起步动力肉,发动机噪音有点大,导航难用",82,"乘坐空间舒适,外观漂亮,油耗满意,安全配置比较到位,转向手感很轻,前排座椅舒适,保养费用免费,内饰造型很满意,隔音很好,储物空间很多",827,"乘坐空间舒适,外观漂亮,油耗满意",472,,
奔驰GLE AMG,奔驰,中大型SUV,4.44,1848800,965800,19,"音响效果很一般,氛围灯不均匀,悬架减震偏软",9,"乘坐空间不错,外观霸气,后备厢空间很大,储物空间够用,后排空间小,氛围灯不均匀,音响效果很一般,高速油耗满意,加速动力十足,悬架减震偏软",41,"乘坐空间不错,外观霸气,后备厢空间很大",19,,
英菲尼迪QX70,英菲尼迪,中大型SUV,4.44,754800,754800,12,悬架减震太硬,5,"外观拉风,油耗满意,全景摄像头很棒,悬架减震太硬",25,"外观拉风,油耗满意,全景摄像头很棒",20,,
大切诺基(进口),Jeep,中大型SUV,4.43,1199900,529900,132,"油耗不满意,储物空间小,内饰做工太粗糙",31,"乘坐空间不错,外观霸气,油耗不满意,安全配置很高,后备厢空间很大,车内静音效果不错,转向精准,加速动力很强,储物空间小,操控很棒",164,"乘坐空间不错,外观霸气,安全配置很高",87,,
昂科雷,别克,中大型SUV,4.41,649000,509000,29,油耗不满足,9,"乘坐空间舒适,外观霸气,油耗不满足,车内静音效果不错,氛围灯很炫",40,"乘坐空间舒适,外观霸气,氛围灯很炫",28,,
发现,路虎,中大型SUV,4.4,959800,688000,23,"油耗不算低,油耗不低,起步动力略肉",12,"乘坐空间满意,油耗不算低,油耗不低,后备厢空间太小,储物空间大,转向手感很轻,起步动力略肉",44,"乘坐空间满意,转向手感很轻,储物空间大",29,,
Model X,特斯拉,中大型SUV,4.39,1189300,796800,17,悬架减震偏硬,3,"乘坐空间出色,外观动感,加速动力很棒,后排空间大,转向精准,操控感非常好,后备厢空间完美,悬架减震偏硬",41,"乘坐空间出色,外观动感,加速动力很棒",26,,
Cayenne,保时捷,中大型SUV,4.35,1858000,918000,27,"味道比较大,内饰塑料感严重",8,"外观不错,隔音很强,乘坐空间不错,乘坐空间够用,储物空间够用,味道比较大,中控屏很清,后备厢空间大,油耗满意,内饰塑料感严重",53,"外观不错,隔音很强,乘坐空间不错",23,,
Levante,玛莎拉蒂,中大型SUV,4.31,1958000,868800,62,"油耗不满意,后排空间略小,音响不太满意",33,"外观霸气,油耗不满意,乘坐空间足够,后排空间略小,转向精准,前排空间充足,隔音效果好,操控不错,音响不太满意,悬架很舒服",110,"外观霸气,乘坐空间足够,转向精准",53,,
北京BJ80,北京,中大型SUV,4.29,398000,288000,45,"油耗偏高,方向盘虚位,储物空间少",32,"乘坐空间没得说,外观霸气,油耗偏高,方向盘虚位,后备厢空间很大,储物空间少,外漆面很厚,悬架舒适,风噪太大,底盘悬架扎实",103,"乘坐空间没得说,外观霸气,后备厢空间很大",52,,
宝马X5 M,宝马,中大型SUV,4.23,1728900,1728900,10,油耗不满意,3,"油耗不满意,空间有蛮舒服",6,空间有蛮舒服,3,,
帕杰罗(进口),三菱,中大型SUV,4.17,429800,349800,20,"油耗不低,储物空间少,悬架减震偏硬",24,"油耗不低,乘坐空间够用,外观霸气,操控轻松,储物空间少,保养费用免费,路感反馈清晰,转向手感跑偏,风噪明显,发动机输出非常平顺",66,"乘坐空间够用,外观霸气,操控轻松",30,,
宝马X6,宝马,中大型SUV,4.15,1049900,773900,15,"高速油耗并不低,悬架减震有一点硬",7,"外观特别时尚,高速油耗并不低,悬架减震有一点硬,路感反馈清晰",16,"外观特别时尚,路感反馈清晰",9,,
奔驰G级AMG,奔驰,中大型SUV,3.96,3532800,2146800,9,乘坐空间不够,3,"外观霸气,乘坐空间不够",9,外观霸气,6,,
领航员,林肯,大型SUV,4.74,1218000,1118000,10,,0,"乘坐空间无敌,外观霸气",14,"乘坐空间无敌,外观霸气",14,,
英菲尼迪QX80,英菲尼迪,大型SUV,4.66,1138000,1138000,7,,0,外观霸气,5,外观霸气,5,,
途乐,日产,大型SUV,4.38,841800,558000,61,"油耗不满意,转向有虚位,大灯太暗",26,"乘坐空间满意,外观霸气,油耗不满意,前排座椅很舒服,隔音完美,高速油耗满意,安全配置高科技,后备厢空间很大,外漆面很好,操控不错",148,"乘坐空间满意,外观霸气,前排座椅很舒服",86,,
